"","(Intercept)","vegcBSpr","vegcCrop","vegcGraminoidFen","vegcGrassHerb","vegcIndustrial","vegcLarch","vegcMarsh","vegcMine","vegcMixedwood","vegcPine","vegcRoughP","vegcRural","vegcShrub","vegcSpruce","vegcSwamp","vegcTameP","vegcUrban","wtAge","wtAge2","wtAge05","fCC2","ROAD","mWell","mSoft","mEnSft","mTrSft","mSeism","CMETHODSM","CMETHODRF","pWater_KM","pWater2_KM","xPET","xMAT","xAHM","xFFP","xMAP","xMWMT","xMCMT","xY","xX","xY2","xX2","SSH_KM","SSH05_KM","THF_KM","Lin_KM","Nonlin_KM","Succ_KM","Alien_KM","Noncult_KM","Cult_KM","THF2_KM","Nonlin2_KM","Succ2_KM","Alien2_KM","Noncult2_KM","YR","isCon:wtAge","isCon:wtAge2","isUpCon:wtAge","isBSLarch:wtAge","isUpCon:wtAge2","isBSLarch:wtAge2","isMix:wtAge","isPine:wtAge","isWSpruce:wtAge","isMix:wtAge2","isPine:wtAge2","isWSpruce:wtAge2","isCon:wtAge05","isUpCon:wtAge05","isBSLarch:wtAge05","isMix:wtAge05","isPine:wtAge05","isWSpruce:wtAge05","xFFP:xMAP","xMAP:xPET","xAHM:xMAT","xX:xY"
"1",-26.7616865544991,0,0,0,0,0,0,0,0,0,0,0,0,0,0,0,0,0,11.920120617198,0,-9.44955518449495,0,0,0,0,0,0,0,-18.0820219385489,-1.9504457303147,0,0,30.4388465525931,0,0,0,0,0,0,0,0,0,0,0,0,0,0,0,0,0,0,0,0,0,0,0,0,0,0,0,0,0,0,0,0,0,0,0,0,0,0,0,0,0,0,0,0,0,0,0
"2",-34.1922788165884,0,0,0,0,0,0,0,0,0,0,0,0,0,0,0,0,0,0,0,-3.72809706266762,0,0,0,0,0,0,0,-21.1382748807653,-4.91668487132042,135.682530735942,-2172.39269474111,56.9504438727144,0,-17.881416893344,0,0,0,0,0,0,0,0,0,0,0,0,0,0,0,0,0,0,0,0,0,0,0,0,0,0,0,0,0,0,0,0,0,0,0,0,0,0,0,0,0,0,0,0,0
"3",-54.5434832180993,0,0,0,0,0,0,0,0,0,0,0,0,0,0,0,0,0,8.86675464969009,0,-6.84371796229652,0,-15.7461156505394,0,0,0,0,0,14.1486015354291,13.843946576058,0,0,0,0,0,39.8524712381471,0,0,0,0,0,0,0,0,0,-2.46114133745631,0,0,0,0,0,0,0,0,0,0,0,0,0,0,0,0,0,0,0,0,0,0,0,0,0,0,0,0,0,0,0,0,0,0
"6",-50.8234052192687,0,0,0,0,0,0,0,0,0,0,0,0,0,0,0,0,0,0,0,-0.990938362554185,0,-17.3547359124129,0,0,0,0,0,12.7231585113755,12.3274121773566,0,0,43.7734475913256,0,0,0,0,0,0,0,0,0,0,0,0,0,0,0,0,0,0,0,0,0,0,0,0,0,0,0,0,0,0,0,0,0,0,0,0,0,0,0,0,0,0,0,0,0,0,0
"10",-75.0183911425858,0,0,0,0,0,0,0,0,0,0,0,0,0,0,0,0,0,16.2827415643077,0,-13.7778274578534,0,-16.4070184245539,0,0,0,0,0,9.98269378141877,9.52872267956601,252.322090927394,-7794.53686417237,128.849527286835,0,-63.8843519792257,0,0,0,0,1.49899448374442,1.52793814578813,-3.20770996371244,-0.0173562930217371,0,-3.10590051281859,0,0,0,0,0,0,0,0,0,0,0,0,0,0,0,0,0,0,0,0,0,0,0,0,0,0,0,0,0,0,0,0,0,0,-4.11040545454426
"12",-56.9638481302472,-9.430533952095,8.31669737182565,-9.60151036447139,10.8264497893725,-9.99458341384504,8.70817924639165,-8.7835098762169,-8.94234003366876,-15.8491940509562,-9.74049192581949,10.6133035836594,-7.60826129198393,13.3886741351749,-8.97931368768681,-9.00622864373107,-11.2352713464613,-9.65549598922526,0,0,11.5101579541769,0,-17.5713733899472,0,0,0,0,0,16.1099637243496,14.6394603942244,-172.530608575558,0,0,0,0,30.8867256496361,0,0,0,0,0,0,0,0,0,0,0,0,0,0,0,0,0,0,0,0,0,0,0,0,0,0,0,0,0,0,0,0,0,0,-10.1786080992031,0,0,0,0,0,0,0,0,0
"13",-76.4605141154049,0,0,0,0,0,0,0,0,0,0,0,0,0,0,0,0,0,65.318963723317,0,-52.807321195081,0,-16.9876069500047,0,0,0,0,0,-10.6415705608713,9.83126430435421,-205.566955368569,0,112.175779977423,0,-36.0765874981711,0,0,0,0,1.8370825422378,0.387227791936253,0,0,0,0,0,0,0,-0.141235387172813,6.49569144077948,0,0,0,0,0,-11.6971864674723,0,0,-70.3931845418959,0,0,0,0,0,0,0,0,0,0,0,54.1472213534914,0,0,0,0,0,0,0,0,-0.821261788704789
"14",-44.0643038922455,0,0,0,0,0,0,0,0,0,0,0,0,0,0,0,0,0,30.6844657818122,0,-25.3179856691759,0,-14.8405539819267,0,0,0,0,0,-4.23946033853263,14.2860185501078,-1002.41314215682,0,34.7890771242287,0,0,0,0,0,0,0,0,0,0,0,0,-3.10891408240291,0,0,0,0,0,0,0,0,0,0,0,0,0,0,0,0,0,0,0,0,0,0,0,0,0,0,0,0,0,0,0,0,0,0
"15",-52.7848076428592,-0.117734295706634,21.7820249694029,-0.145360244825124,17.361604596881,0.738671871940032,17.3356916641328,0.318175956658881,1.57979277081698,1.1171531528443,0.749627255894002,21.9569701194568,3.70507414415591,20.72307307024,0.872882432798648,-0.487561925595366,22.0877375408794,4.62028717531354,0,0,0,0,-0.945605002524909,0,0,0,0,0,0,0,64.2347045667906,-1327.02683415576,96.94711373627,3.70562660999863,-42.6647757474251,0,35.6684530135226,0,0,0,0,0,0,0,0,-3.7124385390185,0,0,0,0,0,0,0,0,0,0,0,0,0,0,0,0,0,0,0,0,0,0,0,0,0,0,0,0,0,0,0,-189.366672924992,-4.2032328832646,0
"16",-73.3408006687606,0,0,0,0,0,0,0,0,0,0,0,0,0,0,0,0,0,18.6924855450455,0,-12.9784522491002,0,-17.3390590961161,0,0,0,0,0,-10.6523158396568,7.78618493929264,0,0,83.8318997343397,0,0,0,0,0,0,1.18122033021676,0.889451315788619,-6.93798142946263,0.587324540579416,0,0,0,0,0,1.83465659467348,43.1261454824327,0,0,0,0,0,-328.881190621821,0,0,0,0,0,0,0,0,0,0,0,0,0,0,0,0,0,0,0,0,0,0,0,2.5816816329382
"17",-59.3259829145897,0,0,0,0,0,0,0,0,0,0,0,0,0,0,0,0,0,23.5468428116617,0,-16.9308026211686,0,-16.5048160235432,0,0,0,0,0,-5.43198894013874,13.8579114966126,-69.3379225904821,0,37.3940924234193,0,0,0,0,0,0,1.52161860948282,1.44637439672874,0,0,0,11.2775127107222,0,0,0,2.64404017440022,9.28683485932446,0,0,0,0,0,-13.9337548042253,0,0,0,0,0,0,0,0,0,0,0,0,0,0,0,0,0,0,0,0,0,0,0,-1.1577386353839
"18",-80.1634817349017,0,0,0,0,0,0,0,0,0,0,0,0,0,0,0,0,0,0,0,-3.80297175373621,0,-16.4203571645614,0,0,0,0,0,-12.2295358261746,5.96398215879229,-190.273275911295,0,99.4000687481873,0,0,0,0,0,0,1.51069799080651,0.60181792254954,-7.00935493743922,0.788636428985682,0,0,-2.340984447363,0,0,0,0,0,0,0,0,0,0,0,0,0,0,0,0,0,0,0,0,0,0,0,0,0,0,0,0,0,0,0,0,0,3.74469033618162
"19",-66.3476364401147,0,0,0,0,0,0,0,0,0,0,0,0,0,0,0,0,0,18.7454457058005,0,-12.2622793786201,0,-16.6469522876123,0,0,0,0,0,-9.11803645037842,9.36933587421548,0,0,71.8289657917205,0,0,0,0,0,0,0.423089971929886,0.955783269685324,-7.27536769370229,0.426278656192063,0,0,0,0,0,2.10726058538515,-6.80363055144915,0,0,0,0,0,0,0,0,0,0,0,0,0,0,0,0,0,0,0,0,0,0,0,0,0,0,0,0,0,1.34515229374255
"22",-38.8107906422855,0,0,0,0,0,0,0,0,0,0,0,0,0,0,0,0,0,25.5606832539621,0,-18.231212752873,0,-16.367337874501,0,0,0,0,0,-1.62585998455958,17.5987942169925,0,0,0,0,0,13.4672640106503,0,0,0,-1.00263708378408,2.42798365358099,0,0,0,0,0,0,0,0,0,0,0,0,0,0,0,0,0,0,0,0,0,0,0,0,0,0,0,0,0,0,0,0,0,0,0,0,0,0,-0.119007363107593
"23",-56.2832779243082,2.26137884584765,22.8279978966262,2.80164702487631,19.2151337544943,4.39015195673804,20.8136940454804,3.60153921638518,5.64527799617831,0.170879747515305,2.8700608840687,23.4152259272482,4.49250422681954,22.7093396291256,2.17537689682651,1.51971021103101,23.2881092239424,5.97480570267568,0,0,0,0,0,0,0,0,0,0,-8.71885441078866,-8.28686099482072,-35.3668389588002,0,88.2044443185171,0,-47.2938113155101,0,0,0,0,0.185523092238371,0.82839497602585,-3.0404625529,0.220828441592481,0,0,-4.83375983001136,0,0,0,0,0,0,0,0,0,0,0,0,0,0,0,0,0,0,0,0,0,0,0,0,0,0,0,0,0,0,0,0,0,-2.39789268358517
"24",190.689914695262,0,0,0,0,0,0,0,0,0,0,0,0,0,0,0,0,0,0,0,-1.71079568737021,0,0,0,0,0,0,0,0,0,364.662327807407,-19841.7969207672,-281.300904479439,1.99603625396823,-35.7863306526124,0,-1212.46642516849,0,0,3.45798383629342,2.36686568759228,-5.64395657046512,-0.0101818561016496,0,0,0,0,0,1.00265959739759,7.67674174987892,0,0,0,0,0,-10.3623790357114,0,0,0,0,0,0,0,0,0,0,0,0,0,0,0,0,0,0,0,0,0,1838.00587620912,1.54026986594459,-4.89167562463593
"26",-55.350405390545,-0.0317273831359221,18.717110323219,-0.895876079510046,20.9847726599343,-0.867959268649409,18.4091830836303,0.0701495789640034,-0.885369383054418,0.111151422108123,-0.118139589688848,20.7317604089502,1.22079144882288,21.0879465561652,0.511224072214113,-0.312617493781869,-1.94882706313142,0.984975196194774,0,0,0,0,-18.0223062922311,0,0,0,0,0,16.8012967414257,15.8602422748758,-43.0238491247,0,0,0,0,16.1999452424086,0,0,0,0,0,0,0,0,0,0,0,0,0,0,0,0,0,0,0,0,0,0,0,0,0,0,0,0,0,0,0,0,0,0,0,0,0,0,0,0,0,0,0,0
"27",-62.5762330719478,-0.8547425698346,24.362250089778,0.436979671847529,19.9032861730427,1.75050514420533,19.145655941756,2.4853151586448,5.55971359466134,-16.2841384202585,-1.43818316643056,19.1421845038854,7.11816435210512,23.2849118740641,-1.04351526939248,-1.88077321495897,1.89012011011226,8.39912285507583,0,0,23.6815002859094,0,-18.7973815613884,8.74471729395842,0,0,0,0,10.6952970959331,10.8770435243098,-74.9413011240771,0,65.2043477320615,0,-38.7627837932121,0,0,0,0,1.15557271388911,1.67934000542893,-3.54868799822029,-0.159815439739642,-3.16454500594242,0,0,0,0,3.17407959983317,-4.54565758080054,0,0,0,0,0,0,0,0,0,0,0,0,0,0,0,0,0,0,0,0,-23.2792283335599,0,0,0,0,0,0,0,0,-4.19844826041447
"30",-37.4178894334877,1.89118879997457,13.9121293694547,1.34675203321717,15.284701207832,0.919088518000424,1.09886476599577,-0.651476014728155,6.13974910324855,1.2684786601227,-0.926970689071523,18.8166875833532,-4.37225390474542,18.042966867898,3.60343823641904,0.670838083764385,-1.06180800318774,-2.71677445049523,0,0,0,0,0,0,0,0,0,0,0,0,-41.1351130704408,0,0,0.760087526729736,0,0,0,0,0,0.136304060494352,7.12529708980607,-2.34078654888743,-1.52334672758534,0,11.2854302868383,0,0,0,0,0,0,0,0,0,0,0,0,0,0,0,0,0,0,0,0,0,0,0,0,0,0,0,0,0,0,0,0,0,0,-0.254281347182468
"32",-69.4903656865958,10.0322929652791,34.7190820451478,10.2981620137306,27.8462094963379,14.543732843896,29.0762419212753,9.71547475111424,16.2258384988582,-15.6766364575295,9.31290308601705,28.16513617758,16.0713700119225,30.3795611154384,9.45631881131158,9.33519147580207,14.0558430935483,19.2963999644858,0,0,34.5695713469901,0,-16.4704210265482,0,0,0,0,0,-4.25383258120319,14.9687160603826,-84.5163468034491,0,28.8374655067012,0,0,0,0,0,0,0,0,0,0,0,0,0,0,0,1.78804039335525,-10.2791202724394,0,0,0,0,0,0,0,0,0,0,0,0,0,0,0,0,0,0,0,0,-35.3522002894813,0,0,0,0,0,0,0,0,0
"33",2.46317170837579,0,0,0,0,0,0,0,0,0,0,0,0,0,0,0,0,0,16.4909672367585,0,-12.4137950705607,0,-17.3326948563915,0,0,0,0,0,21.8440348077895,22.2147554560885,-66.4506564700642,0,-53.2359730428879,0,0,0,0,0,0,-9.05721594876419,7.18198245139361,-6.85512280487618,-1.84277710838813,0,0,0,0,0,0,0,0,0,0,0,0,0,0,0,0,0,0,0,0,0,0,0,0,0,0,0,0,0,0,0,0,0,0,0,0,-2.1919318120136
"35",-54.2207730001977,0,0,0,0,0,0,0,0,0,0,0,0,0,0,0,0,0,0,0,-1.59264439884534,0,-18.2634349635267,0,0,0,0,0,-6.18535243063193,12.5373615363537,0,0,47.8535852122148,0,0,0,0,0,0,0,0,0,0,0,0,0,0,0,0.931874346022116,53.2946551378026,0,0,0,0,0,-319.957043405895,0,0,0,0,0,0,0,0,0,0,0,0,0,0,0,0,0,0,0,0,0,0,0,0
"36",-81.9117702530818,5.90878845012161,24.523322846019,5.96046779731942,4.81641498259169,5.18734988570444,23.9586277452568,6.44399893186681,5.82107534832745,-16.6577567991428,6.96797330207232,25.700614983081,9.63447268731187,26.656042899019,6.31605012915545,4.50072320929357,4.53841670963332,9.27663925543047,0,0,30.8030521812299,0,-16.592963852179,0,0,0,0,0,-10.0381771633396,9.77494711058205,-34.3701759011572,0,85.4001688699326,0,-43.2265332128509,0,0,0,0,1.04033685387504,0.925940808280575,0,0,0,4.20648323973583,0,0,0,0,0,0,0,0,0,0,0,0,0,0,0,0,0,0,0,0,0,0,0,0,0,-31.4304601752017,0,0,0,0,0,0,0,0,-1.18844508028568
"38",-117.936708007297,1.47812689216349,14.4049986147452,1.07297204008582,16.7981467922253,-2.15412069202241,1.30653509256791,-2.35928933586906,-1.00025222670874,0.845023435083926,-0.850484757521877,15.7761935380519,-3.11141137791232,21.1112508432557,0.825181897447555,0.183109463282439,14.9090425835387,-2.49116769096739,0,0,0,0,0,0,0,0,0,0,80.3239354761274,79.0759106833146,0,0,0,0,0,0,0,10.4509211837283,-0.179108763603737,0,0,0,0,5.55153267347104,0,0,-2.28072059928796,19.2401321827802,0,0,0,0,0,-17.8314419428478,0,0,0,0,0,0,0,0,0,0,0,0,0,0,0,0,0,0,0,0,0,0,0,0,0,0
"39",-38.8359696564777,1.22137243115796,-0.251815134532823,-0.586714308186344,16.6089306315392,1.53997365751893,0.724636954376763,-1.38764164378205,0.261769553368043,1.22039830771311,0.387453632385991,18.5085381811693,0.511027905502359,-0.647028275281199,-2.13763342990586,-0.859479253858934,17.7654861947713,-1.98184722712931,0,0,0,0,-18.7540600275521,0,0,0,0,0,16.2980757588358,15.2331099896157,21.7002661045053,-49.3970445333766,0,0,0,6.67457412124355,-60.1311631923243,0,0,0,0,0,0,0,6.87830923008531,0,0,0,0,0,0,0,0,0,0,0,0,0,0,0,0,0,0,0,0,0,0,0,0,0,0,0,0,0,0,0,0,0,0,0
"40",-18.8694860522876,0,0,0,0,0,0,0,0,0,0,0,0,0,0,0,0,0,69.5011251190313,0,-52.2121956958266,0,0,0,0,0,0,0,-0.706617285099954,19.3056538646242,-164.570965642645,0,0,0,-17.0575541244933,0,0,0,0,-6.41134845775306,3.29904090413406,-7.64440144119658,-0.858080579885906,0,0,0,0,0,0,0,0,0,0,0,0,0,0,0,-82.7464971608592,0,0,0,0,0,0,0,0,0,0,0,61.6729500430423,0,0,0,0,0,0,0,0,1.86487217406805
"41",-69.3405510740091,0,0,0,0,0,0,0,0,0,0,0,0,0,0,0,0,0,31.7545450792242,0,-24.5664114625046,0,-16.1648751477184,0,0,0,0,0,-6.68050569238145,12.3811204289407,-459.071121419409,0,71.4668516582775,0,0,0,0,0,0,6.75884584802357,2.2933515099238,-4.48382636885144,-0.35341306587161,0,0,0,0,0,2.67766425177672,-1.70611480201039,0,0,0,0,0,0,0,0,0,0,0,0,0,0,0,0,0,0,0,0,0,0,0,0,0,0,0,0,0,-3.49258146568228
"43",-59.0603756520594,0.362533681351717,12.6547635170369,2.85246290003749,13.9046153630131,1.78922834561521,15.0123468291031,-2.08136631576181,2.51528974584815,-0.166026329871363,1.1187163089211,15.5168508520535,-3.0413682632036,17.4000493417335,-1.49671384370756,-1.15480496283869,-2.36382452974103,-1.63057368254354,0,0,0,0,0,0,0,0,0,0,-22.4804291570191,-4.68025989417491,-7.05658843827825,0,62.600514093535,0,-30.165058524384,0,0,0,0,0,0,0,0,0,15.3515615983961,0,0,0,0,0,0,0,0,0,0,0,0,0,0,0,0,0,0,0,0,0,0,0,0,0,0,0,0,0,0,0,0,0,0,0
"44",-71.772776724953,0.702219529332249,-2.11504194004665,0.965469340192649,-3.05006231197532,-1.93855005195645,0.257077245787743,-1.4589764529627,-0.146587844838865,1.07484950487548,-0.189974398631779,19.2004257590195,-1.5923521775394,20.0335968225019,1.76689926301517,-0.75312796875332,-2.9964520215554,-2.58779313133782,0,0,0,0,0,0,0,0,0,0,0,0,0,0,0,0,0,54.6905233165635,0,0,0,0,0,0,0,0,0,0,0,0,0,0,0,0,0,0,0,0,0,0,0,0,0,0,0,0,0,0,0,0,0,0,0,0,0,0,0,0,0,0,0,0
"45",-31.2090614905265,0.730218868441238,16.826247186244,-0.284952434711401,18.5417190807089,-0.891486858790754,19.1371572350714,0.48605752615841,-0.21347087466202,0.264034286970709,-0.509348122215042,19.5408194140746,-1.24115032662218,19.8878129097101,0.495497050944897,1.17963639986642,-2.98492425530117,-1.38969771072448,0,0,0,0,0,0,0,0,0,0,0,0,-30.8903470519965,0,6.82772937871948,0,0,0,0,0,0,-5.59842010463242,0.993943091332949,-9.22254721936936,0.818710907088,0,0,0,0,0,0,0,0,0,0,0,0,0,0,0,0,0,0,0,0,0,0,0,0,0,0,0,0,0,0,0,0,0,0,0,0,-0.744790797837224
"46",-70.1948333978187,0.261230258618654,24.5770385841316,0.778355079844444,19.1519450385412,4.53460358344349,18.9751536828656,1.40744305767052,4.029585679654,0.279070568577515,1.32535993374881,19.7232024270146,8.43731965480974,21.3193874870007,0.263435051657493,-0.305491644320624,4.95629298290778,10.2717476054103,0,0,0,0,-16.4666878843764,0,0,0,0,0,-5.27357109801148,13.6918882866782,-69.2713534853656,0,43.5655159387039,0,0,0,0,0,0,1.8841828518719,0.796150993908593,0,0,0,0,0,0,0,1.98702900534491,-8.63318236358955,0,0,0,0,0,0,0,0,0,0,0,0,0,0,0,0,0,0,0,0,0,0,0,0,0,0,0,0,0,-0.474858328948205
"47",-24.5117875931257,0,0,0,0,0,0,0,0,0,0,0,0,0,0,0,0,0,39.0059939353863,0,-29.8998438121252,0,0,0,0,0,0,0,-18.5505453954569,-2.51666079115239,0,0,36.5047645747814,0,-15.818730083297,0,0,0,0,0,0,0,0,4.36814655518241,0,0,0,0,0.320862017936835,-2.68461787994081,0,0,0,0,0,0,0,0,-49.9774786281899,0,0,0,0,0,0,0,0,0,0,0,36.5182203937406,0,0,0,0,0,0,0,0,0
"50",127.236489247237,0.75754686727001,2.03725191795962,-0.040507283887764,17.6052192767712,4.7064517304268,18.561182353923,22.5645021512807,8.37658878462281,-13.8719047589061,3.45865591819397,21.1047957302273,4.25396788452256,20.2208274884103,3.04574532881481,2.19633858582133,21.1425072791056,7.34623796853923,0,0,24.4035637423493,0,0,0,0,0,0,0,-10.7286660288205,-10.8354283646508,0,0,-163.466252759584,-16.2264885831901,-57.5351846914476,0,-939.640028027041,0,0,-6.86169559883032,0.995477805419977,-15.9900310498854,0.874409567071022,0,5.01351927245867,0,0,0,-12.0380306773356,-5.76763081041559,0,0,0,0,9.7471963349354,0,0,0,0,0,0,0,0,0,0,0,0,0,0,0,-23.2099627231513,0,0,0,0,0,0,1333.74953409859,28.4561931133383,-1.2592103208424
"51",-82.5609627409752,0,0,0,0,0,0,0,0,0,0,0,0,0,0,0,0,0,51.8590247601654,0,-39.577131092357,0,-16.5363342368069,0,0,0,0,0,-12.2147747718488,8.32588332181701,-205.255560166022,0,128.166675101491,0,-54.8839461329214,0,0,0,0,2.25902593156273,0.93433528801008,0,0,0,6.37420073634461,0,0,0,0.994687063011809,9.83950189040042,0,0,0,0,0,-16.0044828039234,0,0,-54.0022517108719,0,0,0,0,0,0,0,0,0,0,0,41.5376188227129,0,0,0,0,0,0,0,0,-1.10351715509308
"52",-65.1310558578366,0,0,0,0,0,0,0,0,0,0,0,0,0,0,0,0,0,16.8484431392572,0,-12.1620537043198,0,-18.3100793198241,0,0,0,0,0,-11.6098793640714,11.2386174548542,0,0,82.9027741221164,0,-27.1064804636168,0,0,0,0,0.596443818553073,0.646587132291534,0,0,-4.417481929899,0,0,0,0,4.23322304773684,19.5489815074199,0,0,0,0,0,-21.0237288924813,0,0,0,0,0,0,0,0,0,0,0,0,0,0,0,0,0,0,0,0,0,0,0,-1.90574687765944
"53",-63.6406674644454,0.246616107002287,-2.07510238510396,0.878950514014595,17.5685041638231,-1.3502098968146,18.7268322656769,-2.6972239676242,-1.06641591787612,-0.00197066295218184,0.248422729690451,19.3111968213528,-1.7718995285556,20.9894153483495,0.300370450041259,-0.373280334356816,-2.85247897710092,-2.98984877038959,0,0,0,0,0,0,0,0,0,0,-4.73994681284122,14.3791338349918,0,0,34.3848704641454,0,0,0,0,0,0,0,0,0,0,0,0,0,0,0,0,0,0,0,0,0,0,0,0,0,0,0,0,0,0,0,0,0,0,0,0,0,0,0,0,0,0,0,0,0,0,0
"55",-63.6040446894851,4.74377174622771,21.0892683599004,4.4876730048898,22.0813939825364,2.95293087030197,23.2022459030393,3.91665641954524,2.85592932631401,-16.1792983379151,4.69851428857559,1.52947339867889,4.41164558956905,25.2494865395211,4.92028610123208,3.76014681184597,1.67235344043545,5.59629598558829,0,0,27.9864094635133,0,-16.6038985820087,0,0,0,0,0,-4.34638312840785,14.6658794325193,-174.079590952173,0,28.9745077650315,0,0,0,0,0,0,0,0,0,0,0,0,0,0,0,0,0,0,0,0,0,0,0,0,0,0,0,0,0,0,0,0,0,0,0,0,0,-29.3264509436795,0,0,0,0,0,0,0,0,0
"56",-57.235685625771,0,0,0,0,0,0,0,0,0,0,0,0,0,0,0,0,0,0,0,-5.60034822385173,0,-17.3494040735326,0,0,0,0,0,-4.62712976597113,13.8312834351283,0,0,52.4277887251252,0,0,0,0,0,0,0.72285801942864,0.165205129419173,0,0,0,-6.95059626514144,13.8231664727743,0,0,0,0,0,0,-11.5933957107517,0,0,0,0,0,0,0,0,0,0,0,0,0,0,0,0,0,0,0,0,0,0,0,0,0,0,-1.33971518752416
"57",-10.6694114409386,0,0,0,0,0,0,0,0,0,0,0,0,0,0,0,0,0,0,0,-1.16666683865625,0,0,0,0,0,0,0,0,0,0,0,0,0.265170661317079,0,0,0,0,0,-5.30495179222468,1.4346790869404,-2.49762344710637,0.408690266213278,0,0,0,0,0,0,0,0,0,0,0,0,0,0,0,0,0,0,0,0,0,0,0,0,0,0,0,0,0,0,0,0,0,0,0,0,0.37320751725373
"58",-34.0254941502534,0,0,0,0,0,0,0,0,0,0,0,0,0,0,0,0,0,0,0,-3.25903282287338,0,0,0,0,0,0,0,-19.6157842039401,-2.93544615015254,0,0,52.4219897160818,0,-17.0794834511157,0,0,0,0,0,0,0,0,0,0,0,0,0,164.745805697842,-2.1477390582784,0,0,0,0,-1688.00605277627,0,0,0,0,0,0,0,0,0,0,0,0,0,0,0,0,0,0,0,0,0,0,0,0,0
"59",-48.1823995672627,-18.8666617780337,35.1041658319339,14.2271382942399,37.0933038196142,15.312844778133,-20.8331622565398,16.3415931397734,14.3480959412738,-21.021988369336,-21.0516276265557,37.2394754116619,17.2664630389641,14.2147412129727,-18.9588495131394,14.5491244576096,14.7702646498998,17.1273752725528,0,0,45.4647595238429,0,-17.3787910083113,0,0,0,0,0,0.988049322197012,20.2670989558695,-60.5807502108596,0,0,0,0,-2.62547167073936,-60.3486850435887,0,0,0,0,0,0,0,0,0,0,0,0,0,0,0,0,0,0,0,0,0,0,0,0,0,0,0,0,0,0,0,0,0,0,0,0,0,0,0,0,0,0,0
"60",-37.096362591078,0,0,0,0,0,0,0,0,0,0,0,0,0,0,0,0,0,0,0,-2.16376325259663,0,-17.107897753243,0,0,0,0,0,-2.3930340547236,16.1214127064479,-138.191455256742,0,19.8260736884482,0,0,0,0,0,0,0,0,0,0,0,0,0,0,0,0,0,0,0,0,0,0,0,0,0,0,0,0,0,0,0,0,0,0,0,0,0,0,0,0,0,0,0,0,0,0,0
"61",-37.2433844287359,0.435586235651303,16.5799105209299,0.22196559095079,-1.42840995764596,5.52043428424958,16.2945953597735,0.0696570077895803,14.3132131420139,-6.88856688036984,0.420822622980036,16.931257836194,1.19730950694612,19.2126916850374,0.447670111488819,-0.159832426742097,0.344787209946897,5.00874337748461,0,0,0,0,2.1629260519838,40.3704823377254,0,0,0,0,0,0,99.9557389196322,-1701.04061729567,0,0,16.7486277230396,0,0,0,0,0,0,0,0,0,5.45445068439889,0,0,0,61.496667425369,0,-57.1509193815129,-2.13946334106841,0,0,-34.9054878602634,0,31.7311252350476,0,0,0,0,0,0,0,0,0,0,0,0,0,0,0,0,0,0,0,0,0,0,0
"63",-72.3059254093944,0.77679216290671,-1.13611234004298,-0.342689969444992,15.7692622289573,0.349496542531262,16.9655407485627,-2.44330537870751,-0.318956632107412,0.816103687198217,-1.17671935271546,16.4882420926339,0.296744972910037,17.5005827297319,-0.373738271334888,-0.340739428989429,16.8984455542426,2.82659562311707,0,0,0,0,-17.7144201285667,0,0,0,0,0,12.1828000711238,11.7341163661481,0,0,45.2590106441308,0,0,0,0,0,0,0,0,0,0,0,6.1805636127367,0,0,0,0,0,0,0,0,0,0,0,0,0,0,0,0,0,0,0,0,0,0,0,0,0,0,0,0,0,0,0,0,0,0,0
"65",-80.7808620305672,0,0,0,0,0,0,0,0,0,0,0,0,0,0,0,0,0,0,0,0,0,0,0,0,0,0,0,-15.2737776533988,2.59516542871584,0,0,132.44319062598,0,-41.9065877468089,0,0,0,0,-0.0463275774254602,1.12320464406728,-8.98167085365213,0.150358532398215,0,0,-2.2797176425176,0,0,0,0,0,0,0,0,0,0,0,0,0,0,0,0,0,0,0,0,0,0,0,0,0,0,0,0,0,0,0,0,0,1.09402072072576
"67",-37.7766020344322,0,0,0,0,0,0,0,0,0,0,0,0,0,0,0,0,0,0,0,-3.72964455791472,0,-16.2885093623419,0,0,0,0,0,-2.75091902141446,15.1746993613576,0,0,22.1490967195195,0,0,0,0,0,0,0,0,0,0,0,0,0,0,0,1.76554267681863,-1.964787801952,0,0,0,0,0,0,0,0,0,0,0,0,0,0,0,0,0,0,0,0,0,0,0,0,0,0,0,0,0,0
"68",-40.6690715729968,0,0,0,0,0,0,0,0,0,0,0,0,0,0,0,0,0,35.9960059169037,0,-26.6683305804687,0,-17.4203871878839,0,0,0,0,0,-3.0889143758227,16.33976976009,-147.423308172578,0,24.4903091470656,0,0,0,0,0,0,0,0,0,0,0,0,0,0,0,0,0,0,0,0,0,0,0,0,0,-44.3718349829242,0,0,0,0,0,0,0,0,0,0,0,31.2665288959995,0,0,0,0,0,0,0,0,0
"69",-51.9783276818894,-0.0713677736329774,17.2149255982441,-0.330759191934316,19.1824075728004,-0.831500481221535,17.6026463093524,-0.791321452426715,-0.937276992840364,0.266547995619923,0.0960552006819999,20.5905810973817,0.375683907535929,19.7997294310762,0.435792769026934,-0.26293911235307,-1.70469712385077,-0.55074996816797,0,0,0,0,-17.1967191828843,0,0,0,0,0,14.8990149833316,14.5108761195475,0,0,17.3576108786676,0,0,0,0,0,0,0,0,0,0,0,0,0,0,0,0,0,0,0,0,0,0,0,0,0,0,0,0,0,0,0,0,0,0,0,0,0,0,0,0,0,0,0,0,0,0,0
"70",156.660362607577,10.3764826359569,28.8054372843382,8.90287818249803,28.9460898835815,8.64328849509275,28.6839118103135,14.2896040075485,14.3005078961844,-16.4039795368548,11.2125972729468,30.3747206369645,9.96881575179739,9.40291725114981,7.82534757026056,5.84013648034009,7.00511617966507,10.036638663487,0,0,36.7267160816158,0,-1.46020258747784,0,0,0,0,0,-2.64805885001344,-2.49259779356022,-40.5255065250283,0,-276.864179719372,4.71467374672051,-21.9964192213517,0,-1214.9731184756,0,0,3.90299290381621,2.41116000383996,-3.76537586386803,0.201301645001411,0,0,0,0,0,0,0,0,0,0,0,0,0,0,0,0,0,0,0,0,0,0,0,0,0,0,0,-36.6658377560211,0,0,0,0,0,0,1839.5766740386,-5.1336934686432,-3.75662458148309
"72",-49.0717847257068,-19.5897405839039,2.26415055291468,2.22353531993393,1.92002156505921,1.45641982511506,-19.4169634082617,2.16175306236638,0.82839991556227,-18.4210605430463,-19.6192777183903,22.5089575295351,3.91319980008022,25.5214969214052,-19.2375357197058,1.73361934036117,1.06742753651249,4.6597424136161,0,0,28.6830367887158,0,-17.1252500891255,0,0,0,0,0,0.762879168894393,20.3101194952582,0,0,0,0,0,0,0,0,0,0,0,0,0,0,0,0,0,0,0,0,0,0,0,0,0,0,0,0,0,0,0,0,0,0,0,0,0,0,0,0,0,0,0,0,0,0,0,0,0,0
"74",-49.1514563331609,0.0683074772426808,-4.81249257901603,-2.80395323590074,15.4761659989103,-2.80725213584533,18.2062225588092,-3.25889573980612,-3.89455824513743,-15.0923659180339,-1.40627256668836,17.0923187093239,-2.38035833285013,-2.57668652809846,-0.352222117911275,-1.45615346099195,-6.92135822605249,-3.64496012846627,0,0,20.1375626586765,0,-16.7777623103233,12.3917719067059,0,0,0,0,14.6678687367462,13.4407935351786,0,0,18.1283251601754,0,0,0,0,0,0,-8.79058222857014,-0.0519988206558422,-14.6447400286476,-0.0335261972009248,0,0,0,0,0,0,0,0,0,0,0,0,0,0,0,0,0,0,0,0,0,0,0,0,0,0,0,-20.9905533491618,0,0,0,0,0,0,0,0,-1.1915240304294
"75",-64.9552021329519,-0.248612167861974,20.6408577477678,-1.48567685950134,15.529597564527,1.78712437777595,17.4586573016663,-0.669332543748069,6.23912326672668,-16.0823553210326,0.424778057246671,15.8834687216072,8.28881387988767,18.3156691589285,-0.601801572951235,-1.77798192576111,1.7624926928573,10.0545885048648,0,0,20.3826807098207,0,-17.5040434795971,15.6482697975498,0,0,0,0,9.42581954499141,10.1810063632697,0,0,70.3581714622009,0,-48.0972360195787,0,0,0,0,-1.1357777401021,0.0884390375052786,-3.68291286375828,-0.59239447200605,0,7.54819152217044,0,0,0,2.12203958953621,5.33632967087402,0,0,0,0,0,-19.737089617488,0,0,0,0,0,0,0,0,0,0,0,0,0,0,-20.8736462965616,0,0,0,0,0,0,0,0,-4.54298234717349
"76",-71.2722284816309,0.825754260595872,18.3040539300757,0.235927347180707,18.5167597987025,-1.45273492234165,18.9064465701483,1.06690025698375,-0.144434629415478,0.315233655890494,-0.383164919729465,20.885137823403,1.44116836865181,22.1326938262642,-0.239217351803302,-0.469481936824048,-2.3602336707096,0.503046767667439,0,0,0,0,-17.3236478323805,0,0,0,0,0,13.2498773636493,12.5706955822751,-48.8474773782508,0,46.3048236023599,0,0,0,0,0,0,0.934420363476933,0.204031473176506,0,0,0,0,0,0,0,-7.75204799871559,12.3189374610424,0,0,0,0,8.50604295087072,-13.500956848451,0,0,0,0,0,0,0,0,0,0,0,0,0,0,0,0,0,0,0,0,0,0,0,-0.842868892309974
"78",-67.6671185060587,0,0,0,0,0,0,0,0,0,0,0,0,0,0,0,0,0,28.0329151316479,0,-20.2295854883894,0,-15.9959557897028,0,0,0,0,0,-6.41661614849771,12.2034604781694,0,0,49.2410297019566,0,0,0,0,0,0,2.20060467683719,1.2989387962947,0,0,0,12.6685401746039,0,0,0,0,0,0,0,0,0,0,0,0,0,0,0,0,0,0,0,0,0,0,0,0,0,0,0,0,0,0,0,0,0,0,-1.21254208128186
"80",-56.6185949831667,2.96527475898852,26.2407888875543,4.47336292636984,23.2533372453819,6.01225462822123,21.8739893712446,5.37966936042993,9.97354624386744,0.599438768267266,4.22304931219075,5.71603716290427,7.39413899559128,3.78357959579623,1.63365118555619,1.91136620860535,26.9720632419855,10.8575228082147,0,0,0,0,0,0,0,0,0,0,-9.63421067292475,-9.75117597634246,-33.4848322024232,0,95.1726492215442,0,-59.7729649291707,0,0,0,0,1.55120126645255,1.69113199769916,-4.68294801386507,-0.130788528906961,0,0,-5.80933321369238,0,0,0,0,0,0,0,0,0,0,0,0,0,0,0,0,0,0,0,0,0,0,0,0,0,0,0,0,0,0,0,0,0,-4.89393010437971
"81",-59.3888847555148,-7.26207723450638,5.73612378010269,-8.77772684061487,8.81925857064079,-9.41761821068498,11.7298890452364,-9.51548351361721,-9.37594728005716,-16.0216478075275,-6.97444418304897,-10.1902791660841,-9.75386291183367,12.8104448952805,-6.92883801066395,-8.954033334436,8.11043544234179,-12.2152354913347,0,0,11.6916757948625,0,-17.0772655624591,0,0,0,0,0,16.0960189208342,14.4273130264972,108.681818306622,-4194.19901983943,0,0,0,32.5196623243417,0,0,0,-2.14895383265267,-0.829511155928848,0,0,0,0,0,0,0,39.8038762334977,9.28197713855723,0,0,0,0,-580.894431773227,-7.64642607105969,0,0,0,0,0,0,0,0,0,0,0,0,0,0,-13.0050020536908,0,0,0,0,0,0,0,0,-0.621743608047706
"82",-46.4136140363612,0,0,0,0,0,0,0,0,0,0,0,0,0,0,0,0,0,30.7994820482938,0,-23.181448379562,0,-15.4556521944257,0,0,0,0,0,-3.53061373343567,16.0424424791972,-93.2635997080176,0,0,0,0,25.6103813229007,0,0,0,-3.00692637485313,2.40978404243815,0,0,0,0,0,0,0,1.49238055499554,-4.93177744700211,0,0,0,0,0,0,0,0,0,0,0,0,0,0,0,0,0,0,0,0,0,0,0,0,0,0,0,0,0,1.71782870951747
"83",-44.1996529589096,0,0,0,0,0,0,0,0,0,0,0,0,0,0,0,0,0,26.3526201884685,0,-20.294263909798,0,-16.9190286138889,0,0,0,0,0,13.9581566553666,14.3129407492388,-68.5839927839095,0,31.3014432040545,0,0,0,0,0,0,3.1149670799125,2.1349274523888,-4.22612271964472,-0.752492944553579,0,0,0,0,0,2.63315027572219,-0.199053612200101,0,0,0,0,0,0,0,0,0,0,0,0,0,0,0,0,0,0,0,0,0,0,0,0,0,0,0,0,0,-4.77108780908681
"84",-64.2073486019289,-0.0709514640070105,17.7809793660771,0.331887862042289,-1.66605641663955,-1.08992184147598,18.9156528064871,-0.315514357228659,-1.20411940104974,-0.360386269092148,-0.666881164327333,18.9637413166246,0.35783261780364,22.2580593162907,-0.187013076271173,-0.156437285093276,-2.33778960806788,-1.20451459317689,0,0,0,0,-17.7817550822243,0,0,0,0,0,-7.56962631658627,11.9113199598715,0,0,52.9404775766925,0,-20.849842611851,0,0,0,0,0,0,0,0,0,0,0,0,0,0,0,0,0,0,0,0,0,0,0,0,0,0,0,0,0,0,0,0,0,0,0,0,0,0,0,0,0,0,0,0,0
"85",-66.2353091763469,0.689169938256553,21.9007410027534,0.912931752445041,19.8159454778687,25.5738368478736,19.0382457713039,1.54760815703347,23.6846260868505,-16.8202754843782,1.57682306246526,22.706758230092,12.4742819353744,22.7114762821347,1.83673812222789,-0.0153640476438693,24.3208541154169,30.9225733702926,0,0,24.9950452121167,0,-13.1026205775633,0,0,0,0,0,10.1456655241519,9.54962529185864,0,0,74.3011283504662,0,-44.5653293644195,0,0,0,0,1.49012587619627,1.54357242397995,-2.9703148406209,0.202675058359003,0,0,0,0,0,50.7092319198922,0,-65.9467702692791,-4.26386857883753,0,0,0,0,14.3804480729508,0,0,0,0,0,0,0,0,0,0,0,0,0,-24.9448778055138,0,0,0,0,0,0,0,0,-2.9933308817334
"88",-63.2665276439064,-14.0050023228904,16.0238691233146,-2.49727958666638,12.141736290357,-0.825739753181939,-14.9901424836092,-6.99547641218643,-1.0731798220419,-14.6328170545374,-13.7726285180101,12.8672629787659,-0.413949859533235,15.6808370663655,-15.209230095977,-4.19336031388255,-2.28479394365077,11.9279872832255,0,0,16.8223594226746,0,-18.5967683963619,17.1330079442666,0,0,0,0,15.4766410931617,16.0077276329411,0,0,0,0,0,24.6700118434842,0,0,0,0,0,0,0,0,7.80137588850803,0,0,0,0.866135842326295,13.8782116024621,0,0,0,0,0,-37.5271617507355,0,0,0,0,0,0,0,0,0,0,0,0,0,0,0,0,0,0,0,0,0,0,0,0
"89",-45.347230962447,0,0,0,0,0,0,0,0,0,0,0,0,0,0,0,0,0,7.89156831981552,0,-5.10071320957301,0,-16.4925524352826,0,0,0,0,0,-4.30305990582225,13.8360266492241,0,0,33.6134411366191,0,0,0,0,0,0,0,0,0,0,0,0,0,0,0,0,0,0,0,0,0,0,0,0,0,0,0,0,0,0,0,0,0,0,0,0,0,0,0,0,0,0,0,0,0,0,0
"90",-62.1956028492752,0.147197084819905,17.0520292865235,0.762555939555496,18.5744583543989,-1.0277907577257,18.5992967154152,-0.368969423923285,-1.17308282352316,0.0729775887064386,0.00640330250115328,18.9484021675668,-0.279352028731754,21.0761242486382,0.263558061524115,-0.307581161435794,-2.38705277408906,0.822746759346417,0,0,0,0,-16.8566646560145,0,0,0,0,0,-4.866769724286,13.947162115309,-78.3942231165309,0,33.5129177414968,0,0,0,0,0,0,0,0,0,0,0,0,0,0,0,0,0,0,0,0,0,0,0,0,0,0,0,0,0,0,0,0,0,0,0,0,0,0,0,0,0,0,0,0,0,0,0
"91",-55.5933270460015,0,0,0,0,0,0,0,0,0,0,0,0,0,0,0,0,0,0,0,0,0,0,0,0,0,0,0,17.2640112818083,17.2415473296265,0,0,0,0,42.831308196924,0,0,0,0,41.3463702195078,21.9314635402917,-60.8285728119153,-14.3533711984005,0,0,0,0,0,0,0,0,0,0,0,0,0,0,0,0,0,0,0,0,0,0,0,0,0,0,0,0,0,0,0,0,0,0,0,0,-62.0790550149133
"92",167.080838434445,12.3009947431771,34.4680491551147,11.9746885167743,30.3828309209029,14.5959425980695,31.6425253006926,16.1363707171426,16.5928934370509,-13.6639954357574,13.3754009768185,29.0432302766708,14.9349398342558,32.780112374212,10.0938574720867,10.5093525507926,34.2236160576687,17.1721894340178,0,0,36.4079936291356,0,-0.964592238039023,0,0,0,0,0,-6.28450643917519,-6.1346144659467,-39.933359875786,0,-298.572764866984,2.10284015104061,-22.642170221602,0,-1388.14906671278,0,0,4.63533961991364,2.43466769143899,-5.79124648365819,0.214213170279628,0,0,0,0,0,2.31703172685648,-5.70141835576553,0,0,0,0,0,0,0,0,0,0,0,0,0,0,0,0,0,0,0,0,-35.8795287021085,0,0,0,0,0,0,2134.19973654142,-0.208750199019192,-5.30675536461589
"93",-48.0898770809177,5.71336636966586,21.1458281149469,5.68004110650856,21.5765881006201,4.23052737152701,22.3884802504466,4.97579035675185,4.21708437591594,-15.9949247977542,5.75346561637226,23.4034687289874,3.56950454998832,24.4033854134282,5.77093382770884,4.97159754228652,2.86168193665921,3.23382107438305,0,0,28.9522788053077,0,0,0,0,0,0,0,-2.08585309070244,-0.881854861716435,-27.0082753678223,0,28.9937229538612,0,0,0,0,0,0,0,0,0,0,0,0,0,0,0,0,0,0,0,0,0,0,0,0,0,0,0,0,0,0,0,0,0,0,0,0,0,-29.6443456690512,0,0,0,0,0,0,0,0,0
"94",-55.5538166075646,0.722867133188539,16.8061187990929,1.56486415342738,-2.99623490401058,-0.00973342363332255,19.7868615267736,-0.19570417189127,1.2470124089398,0.630339506023181,0.866239930559875,19.1707478040957,0.0139303890512255,21.2073031769284,0.948632595620559,-0.738872304030609,-2.54710887203277,0.435081009811519,0,0,0,0,-17.7485403672787,0,0,0,0,0,-4.48466503802465,14.0067062623977,0,0,22.6865870537503,0,0,0,0,0,0,-0.998167691342035,0.198411576066399,-2.07500289694229,-0.016190545156708,0,0,0,0,0,0,0,0,0,0,0,0,0,0,0,0,0,0,0,0,0,0,0,0,0,0,0,0,0,0,0,0,0,0,0,0,-2.32948163875169
"95",-4.96887549586055,0,0,0,0,0,0,0,0,0,0,0,0,0,0,0,0,0,24.8894415649933,0,-19.1445899484382,0,-17.542158910081,0,0,0,0,0,23.7960540783387,23.5367823175123,-411.107604479063,0,-42.8938502038061,0,0,0,0,0,0,-7.04330035061034,7.88773001198796,-5.07155367820897,-2.35371851716305,0,0,0,0,0,0,0,0,0,0,0,0,0,0,0,0,0,0,0,0,0,0,0,0,0,0,0,0,0,0,0,0,0,0,0,0,-0.586715045691547
"96",-66.417356698568,0,0,0,0,0,0,0,0,0,0,0,0,0,0,0,0,0,0,0,-4.50236479220646,0,-15.8402908724661,0,0,0,0,0,-6.6004640699688,12.1264684261894,-263.443151082613,0,87.7051858047174,0,-25.8942347661413,0,0,0,0,0.947752184491349,0.0999860639756682,0,0,0,0,-2.67870719158274,0,0,0,0,0,0,0,0,0,0,0,0,0,0,0,0,0,0,0,0,0,0,0,0,0,0,0,0,0,0,0,0,0,-0.885715637968168
"97",119.436506792043,0,0,0,0,0,0,0,0,0,0,0,0,0,0,0,0,0,-41.3692465286978,62.2467217663833,0,0,0,0,0,0,0,0,-84.642347529589,1.93706274143407,310.757984383783,-14753.926976176,-350.807694463474,4.84053776526414,70.7539100864853,0,-1392.03107369806,0,0,12.096455032311,3.93529911980342,-5.21889827849749,-0.184716173157881,0,0,0,0,0,-11.521734869199,8.51815342132614,0,0,0,0,11.513831787338,-12.1461205187262,0,0,67.0663394049837,-123.854452179502,0,0,0,0,0,0,0,0,0,0,0,0,0,0,0,0,0,2542.97994935424,-0.652430012329158,-7.23175655535771
"99",-70.3425431480973,-17.6474271343065,20.1759245179554,2.21631248393832,21.1708509008085,-0.796732331934307,-18.3589734461139,1.65503617630078,1.07170362674453,-16.8331530297695,-17.2607217697104,20.3828115761269,2.24169246849608,22.137416301306,-17.9856290218678,0.048472369124391,-0.506666360873669,2.54254983325957,0,0,26.8491251527679,0,-18.2455718031467,0,0,0,0,0,13.3021345366376,12.8373790650154,-44.5278263040785,0,40.8750084145579,0,0,0,0,0,0,0.963307850241306,-0.0983013161018909,0,0,0,0,0,0,0,1.54188306001172,20.392291342517,0,0,0,0,0,-25.0542721343075,0,0,0,0,0,0,0,0,0,0,0,0,0,0,0,0,0,0,0,0,0,0,0,-0.826265891893248
"101",-44.9071409693491,0,0,0,0,0,0,0,0,0,0,0,0,0,0,0,0,0,9.01447061354454,0,-7.58044275329559,0,-15.4403115331,0,0,0,0,0,-4.03622318428867,15.0297603160984,-200.673975197981,0,34.13364321206,0,0,0,0,0,0,0,0,0,0,0,0,-3.24174212407237,0,0,0,0,0,0,0,0,0,0,0,0,0,0,0,0,0,0,0,0,0,0,0,0,0,0,0,0,0,0,0,0,0,0
"102",-49.6258452030709,-19.4387787515221,26.9758678597138,4.34156172387802,25.4970227326195,6.19560875477318,-18.7227330744616,5.66982578126985,6.07899592804459,-18.6246852413284,-19.1260108509372,28.2542734605729,8.45775975161601,4.17026201467595,-19.4570595582637,4.08748556328472,6.26518093340356,7.70115249696923,0,0,30.9713885543361,0,-17.2467945919058,0,0,0,0,0,0.599173487192968,19.1742548847132,-90.598205596029,0,0,0,0,0,0,0,0,0,0,0,0,0,0,-3.49274832254506,0,0,0,0,0,0,0,0,0,0,0,0,0,0,0,0,0,0,0,0,0,0,0,0,0,0,0,0,0,0,0,0,0,0
"103",-212.435325309561,0,0,0,0,0,0,0,0,0,0,0,0,0,0,0,0,0,55.3278991580984,0,-43.5891848086051,0,0,0,0,0,0,0,166.981635796292,185.567855079913,363.050478595526,-16513.8389103334,0,0,0,0,0,24.4182317137648,0.134942604889568,-1.77115319637254,0.350288669414432,0,0,0,-2.70091337803159,0,0,0,0,0,0,0,0,0,0,0,0,0,-66.0102139594053,0,0,0,0,0,0,0,0,0,0,0,49.7341561481636,0,0,0,0,0,0,0,0,-0.876251055864835
"104",-97.1733190751713,11.2942499368692,39.8513804701174,11.4338670146641,11.4698807561174,17.9356980738402,29.5955057104143,12.904234179369,20.4665120981542,-16.8391270441135,12.1045701710346,30.5908781685878,23.8785135058892,32.0481219492783,11.7819193929508,10.2222942669626,21.2744933964219,29.9204266259058,0,0,38.3166872644045,0,-18.2140438876671,0,0,0,0,0,-10.6884110206227,9.36571285641642,-76.704024062452,0,101.390208175584,0,-46.3746622833349,0,0,0,0,1.73823980139697,0.59898356459376,0,0,0,5.14144790234417,0,0,0,1.77614056216062,-16.2555111274762,0,0,0,0,0,0,0,0,0,0,0,0,0,0,0,0,0,0,0,0,-38.5333428578638,0,0,0,0,0,0,0,0,-0.858751178319147
"105",-30.3360294858005,0,0,0,0,0,0,0,0,0,0,0,0,0,0,0,0,0,0,0,0,0,0,0,0,0,0,0,0.1486406044976,18.1491853456595,-622.326744366233,0,0,0,0.656857617197994,0,0,0,0,0,0,0,0,0,7.87266006317808,0,0,0,1.23356430333242,-4.2554960759698,0,0,0,0,0,0,0,0,0,0,0,0,0,0,0,0,0,0,0,0,0,0,0,0,0,0,0,0,0,0
"107",-121.9869088437,8.28485489765663,30.5378485191463,10.045927411751,27.8775078207983,9.73310474199748,27.4228649866349,8.15264788894791,11.8220442484695,6.20095923496372,9.60216129636697,32.142214212458,10.4780881340424,9.22328337899649,1.9012139136184,7.13241953855221,9.59532920065634,13.4191313405479,0,0,0,0,-0.857544216927247,0,0,0,0,0,-22.5434592436897,-4.07206423056919,-61.2924148736348,0,98.2415470614202,2.58950279150594,-3.01111499516065,0,116.541724000175,0,0,8.5832296090503,3.14933395437993,-3.26992233691808,0.049235393936748,0,0,-4.11920754536299,0,0,0,0,0,0,0,0,0,0,0,0,0,0,0,0,0,0,0,0,0,0,0,0,0,0,0,0,0,0,0,0,0,-3.60593897326418
"108",-72.3163353555082,13.4167450135571,30.2723862544116,12.0019590161694,24.7787793163158,17.7488691460597,29.3736755004684,9.01777164495253,17.9330755547257,-10.7469624883232,14.332097255084,13.0005763558787,13.1162635238598,28.0216577113945,13.1502979442565,10.777860998871,14.0443847928723,17.2516634466976,0,0,31.3464858788549,0,0,0,0,0,0,0,-22.9114747167379,-4.12626155913704,-85.8055871992348,0,48.2023422468635,0,0,0,0,0,0,0,0,0,0,0,11.1767315591677,-8.2466393193792,0,0,0,0,0,0,0,0,0,0,0,0,0,0,0,0,0,0,0,0,0,0,0,0,-33.8356367691233,0,0,0,0,0,0,0,0,0
"109",-42.8447002070507,-0.444066070575328,0.684343212048783,-1.63709626904022,18.8157305425299,-1.67586442725096,-2.05876285059928,-1.36441278007481,-0.540678696071848,-1.02581426112698,-4.39419457056201,19.8781165716804,0.768176138785517,-0.0803443000975399,-0.862068431929678,-0.779424116671261,-0.739053837332405,1.9950532355375,0,0,0,0,-17.0824954694814,11.8495049152343,0,0,0,0,0,0,0,0,0,0,0,15.9724092170159,0,0,0,0.979941414666858,1.46670100596383,0,0,0,5.23847481826014,0,0,0,0,0,0,0,0,0,0,0,0,0,0,0,0,0,0,0,0,0,0,0,0,0,0,0,0,0,0,0,0,0,0,0.746364893467149
"110",-70.4523903100459,-0.0338658324603807,17.9440061066083,0.486300153374651,19.6398943033352,-1.22389139849712,19.1510867365738,0.666361743731958,-0.781177609098346,-0.0986328249645552,-0.0263545210587504,20.2984028542466,1.73675715492356,21.0135191344541,0.559854755123374,-1.02584699030265,-1.85300813191479,2.16618160062278,0,0,0,0,-17.2852167376155,0,0,0,0,0,7.2946415471386,7.46292359743271,0,0,90.8509776812395,0,-54.3757913739954,0,0,0,0,0.884057535103994,1.10894347767768,-2.08117414543636,0.295021037606068,0,0,0,0,0,0,0,0,0,0,0,0,0,0,0,0,0,0,0,0,0,0,0,0,0,0,0,0,0,0,0,0,0,0,0,0,-2.27546751208749
"111",-43.1734917163627,0,0,0,0,0,0,0,0,0,0,0,0,0,0,0,0,0,13.6214637925323,0,-9.81795822004315,0,-18.1918570989033,0,0,0,0,0,-3.69112401896187,15.2763356170094,0,0,27.9039695588197,0,0,0,0,0,0,0,0,0,0,0,0,0,0,0,2.99766191836244,10.6868774306874,0,0,0,0,0,-16.4250364608878,0,0,0,0,0,0,0,0,0,0,0,0,0,0,0,0,0,0,0,0,0,0,0,0
"112",-30.6322650149573,0,0,0,0,0,0,0,0,0,0,0,0,0,0,0,0,0,40.18674773522,0,-31.1038037273623,0,0,0,0,0,0,0,-2.19982825107633,-1.9271882360292,100.936433427111,-2581.34827522805,34.5044347368275,0,0,0,0,0,0,0,0,0,0,0,0,0,0,0,2.36624057169746,0.0340418360607547,0,0,0,0,0,0,0,0,-42.5355325779581,0,0,0,0,0,0,0,0,0,0,0,32.0390028655665,0,0,0,0,0,0,0,0,0
"113",-39.9973035266262,0,0,0,0,0,0,0,0,0,0,0,0,0,0,0,0,0,35.2779809797721,0,-26.6508837667945,0,-17.0448457084714,0,0,0,0,0,-3.15756614506521,16.4326983267621,-208.217811196987,0,23.8843293794189,0,0,0,0,0,0,0,0,0,0,0,0,0,0,0,2.20579809074144,-1.88497740508791,0,0,0,0,0,0,0,0,-32.6015172307937,0,0,0,0,0,0,0,0,0,0,0,23.0895781915985,0,0,0,0,0,0,0,0,0
"114",-61.4097136772936,0.276732216928659,18.869771842807,0.169958894106444,20.7242348054612,0.472551575238859,-0.301074674398887,0.97179533380537,0.0572227977530927,0.463987868843445,0.571140975701443,20.7007518264827,1.39509412499167,22.9499292777151,0.709848094458807,-0.992817567390959,-1.22931395187884,2.24328865758313,0,0,0,0,-17.7329148440606,0,0,0,0,0,15.1849117613692,13.8928131133723,-120.710561850361,0,29.9320664264518,0,0,0,0,0,0,0.617316058416317,-0.778816867248471,0,0,0,0,0,0,0,0,0,0,0,0,0,0,0,0,0,0,0,0,0,0,0,0,0,0,0,0,0,0,0,0,0,0,0,0,0,0,-0.218857095041401
"115",-80.1756298066888,0,0,0,0,0,0,0,0,0,0,0,0,0,0,0,0,0,26.0127626313286,0,-20.0705786432449,0,-16.0239373276606,0,0,0,0,0,-4.80917947529361,12.477947823628,-18.6857166543264,0,0,0,0,54.3014886681011,0,0,0,0,0,0,0,0,16.052955699718,0,0,0,-0.477787370866248,-4.85477077384876,0,0,0,0,0,0,0,0,0,0,0,0,0,0,0,0,0,0,0,0,0,0,0,0,0,0,0,0,0,0
"116",-38.1187807044473,0,0,0,0,0,0,0,0,0,0,0,0,0,0,0,0,0,0,0,-3.19888840219,0,-17.771406146041,0,0,0,0,0,-2.91236750333416,15.9762153360738,0,0,21.2584460009238,0,0,0,0,0,0,0,0,0,0,0,0,0,0,0,0.892090316222847,7.69946164210109,0,0,0,0,0,-13.4206394662541,0,0,0,0,0,0,0,0,0,0,0,0,0,0,0,0,0,0,0,0,0,0,0,0
"117",-63.0157403072752,0,0,0,0,0,0,0,0,0,0,0,0,0,0,0,0,0,0,0,0,0,0,0,0,0,0,0,-7.42252670944764,12.1168048353152,0,0,77.3893594223794,0,-21.2811656407881,0,0,0,0,0,0,0,0,0,0,-20.0356588698777,0,0,0,0,0,0,0,0,0,0,0,0,0,0,0,0,0,0,0,0,0,0,0,0,0,0,0,0,0,0,0,0,0,0
"119",-67.9486481329196,-18.5628179879051,27.8176468004809,11.0545706691569,29.72634827651,9.84398298759622,-18.6053823626749,10.317546341466,9.28868842230559,-17.7970988368168,-18.6462733902161,31.2827559135573,10.2349901173091,30.7553108275776,-17.8620397247795,10.2357541905813,8.44646228218095,9.76392660096329,0,0,37.5793173561552,0,-17.4780300496921,0,0,0,0,0,-3.37597722897402,15.7014529203455,-77.3526601583191,0,23.9748518062246,0,0,0,0,0,0,0,0,0,0,0,0,0,0,0,0,0,0,0,0,0,0,0,0,0,0,0,0,0,0,0,0,0,0,0,0,0,0,0,0,0,0,0,0,0,0,0
"120",-81.0458443833997,9.31430254702699,7.00403231095285,7.61678057864731,27.5878561523514,7.73285605934266,28.4621608728155,8.4581500633657,7.95568597663185,-15.8161974056356,8.45559322126605,26.6109202400671,7.94192487996624,8.69948691971386,8.22732420345935,7.98434865407113,6.07526965733435,9.55755126931059,0,0,34.4047551808878,0,0,0,0,0,0,0,13.271932469968,12.6544322661814,1671.69981531923,-183760.384450495,59.6892329672145,0,-18.8347860563128,0,0,0,0,0,0,0,0,0,0,0,0,0,0,0,0,0,0,0,0,0,0,0,0,0,0,0,0,0,0,0,0,0,0,0,-35.3861991487862,0,0,0,0,0,0,0,0,0
"121",-128.51765663122,34.4392545745146,57.8099793447305,39.8841889343681,52.9413402201779,44.1895987856747,49.86028630701,38.458574283221,48.9771741391733,-12.0731791243994,35.7686619634881,53.859956575911,40.2124443385439,56.3284652582042,32.9846143916363,40.2558673242888,42.394728310891,44.9904941597315,0,0,72.5644016199039,0,0,0,0,0,0,0,-35.3831091969464,-16.5423205187881,-31.4933693423937,0,142.25738050711,0,-60.9034092195905,0,0,0,0,-2.57883926014829,4.40576474968304,-4.18388982004852,0.045932436181267,0,15.0358176530365,0,0,0,1.16878973296787,-6.87920378111157,0,0,0,0,0,0,0,0,0,0,0,0,0,0,0,0,0,0,0,0,-61.1001594086774,0,0,0,0,0,0,0,0,4.85709881127891
"122",-57.2706086616395,-18.1714017093146,22.3252793801688,5.16546435731942,2.69922791722399,4.10200867000676,-18.3107409738843,4.17752955604759,4.00709452733991,-17.3376431532032,-17.8848390616812,23.9936711364418,5.16091494917271,26.9937856426427,-17.4046268082854,4.28772334355626,2.80483714734947,2.94702262020891,0,0,30.8971074274274,0,-17.7937736426166,0,0,0,0,0,-0.733180616033877,18.6354321821851,0,0,0,0,16.0350958525684,0,0,0,0,0,0,0,0,0,0,0,0,0,0,0,0,0,0,0,0,0,0,0,0,0,0,0,0,0,0,0,0,0,0,0,0,0,0,0,0,0,0,0,0,0
"124",-66.3619922611364,0.818029317130768,24.3145650243421,1.48173634744515,20.5495597131005,3.11770396523092,20.472482496856,1.9914179418216,5.38030925691091,0.411848695387917,0.672585306758565,23.6442030623825,4.01349526953963,22.946918543406,1.54723758791133,0.391769628021091,3.20649786744001,6.63146978496164,0,0,0,0,0.595813632133368,0,0,0,0,0,-26.0709580874951,-7.15347353594246,-20.0349935462846,0,104.213377707101,0,-53.0656139357779,0,0,0,0,0.740842421363229,0.922882588787099,-1.09300977154433,0.616186850231503,0,0,-6.1898177498691,0,0,0,0,0,0,0,0,0,0,0,0,0,0,0,0,0,0,0,0,0,0,0,0,0,0,0,0,0,0,0,0,0,-0.926140023249889
"127",-52.8466723129374,0,0,0,0,0,0,0,0,0,0,0,0,0,0,0,0,0,35.6923486261888,0,-28.2172026113311,0,-15.928740482603,0,0,0,0,0,8.60004727356654,9.5608177451184,-46.190023363474,0,80.4003208350694,0,-40.4378591345451,0,0,0,0,0.812287536583844,0.9618517464832,-1.66186567375034,0.134778821937942,0,0,0,0,0,0,0,0,0,0,0,0,0,0,0,-43.3375797907634,0,0,0,0,0,0,0,0,0,0,0,32.0966542240307,0,0,0,0,0,0,0,0,-2.11296093263696
"128",-46.1085822685164,0,0,0,0,0,0,0,0,0,0,0,0,0,0,0,0,0,0,0,-1.44892943063392,0,0,0,0,0,0,0,-3.94660844627628,14.5345139685461,0,0,35.2988911594865,0,0,0,0,0,0,0,0,0,0,0,0,-18.1764980071986,0,0,0,0,0,0,0,0,0,0,0,0,0,0,0,0,0,0,0,0,0,0,0,0,0,0,0,0,0,0,0,0,0,0
"129",-40.7373209343755,0,0,0,0,0,0,0,0,0,0,0,0,0,0,0,0,0,-7.00622656012365,0,0,0,0,0,0,0,0,0,-21.9680826810406,-5.23341593933921,0,0,76.4380866415752,0,-30.9121837027956,0,0,0,0,0,0,0,0,0,0,0,0,0,132.452276583729,-2.6465450007925,0,0,0,0,-1747.69214465506,0,0,0,0,0,0,0,0,0,0,0,0,0,0,0,0,0,0,0,0,0,0,0,0,0
"130",-28.0589538667453,0,0,0,0,0,0,0,0,0,0,0,0,0,0,0,0,0,35.1123460107452,0,-25.9036452934697,0,0,0,0,0,0,0,-19.0270930448958,-1.26900954761082,-29.7764654594265,0,31.0457346041227,0,0,0,0,0,0,0,0,0,0,0,0,0,0,0,0,0,0,0,0,0,0,0,0,0,-44.9936051355387,0,0,0,0,0,0,0,0,0,0,0,31.7957433132811,0,0,0,0,0,0,0,0,0
"133",-21.8794112429495,0,0,0,0,0,0,0,0,0,0,0,0,0,0,0,0,0,20.1461515914179,0,-14.0485593398914,0,0,0,0,0,0,0,12.7791818899293,13.2694072810555,0,0,0,4.01449258028428,0,0,0,0,0,3.86625180048486,3.09824292230906,-24.1971589112779,-10.2787551312419,0,0,0,0,0,9.95761926297838,0.0436055990564461,0,0,0,0,-9.14046013618159,0,0,0,0,0,0,0,0,0,0,0,0,0,0,0,0,0,0,0,0,0,0,0,0,-32.1320153601876
"134",-75.9912178269239,0,0,0,0,0,0,0,0,0,0,0,0,0,0,0,0,0,14.376037956012,0,-11.6795986769765,0,-15.6098857636507,0,0,0,0,0,-9.11099390602509,10.5856966141821,-52.2295351006227,0,109.687074469383,0,-37.3114916970301,0,0,0,0,2.0950649794512,1.13246082410476,0,0,0,0,0,0,0,1.77957370974798,-2.40185423894506,0,0,0,0,0,0,0,0,0,0,0,0,0,0,0,0,0,0,0,0,0,0,0,0,0,0,0,0,0,-1.05581988044197
"135",-51.1801301303656,-18.1158310750413,-1.44046589625532,0.285088047459993,18.6331944370175,-1.33793444777859,-18.5197140781224,-1.41485697929853,-1.07869211744601,-17.7447852645554,-18.3040103195451,20.4008906882788,-0.719798818500723,-0.448641899883232,-17.9222121574993,-0.748586058901774,-2.39536306892411,-2.23489433518659,0,0,24.9096421615437,0,0,0,0,0,0,0,-0.00765081978361549,18.8495317628275,0,0,0,0,13.3802151434968,0,0,0,0,0,0,0,0,0,0,0,0,0,0,0,0,0,0,0,0,0,0,0,0,0,0,0,0,0,0,0,0,0,0,0,0,0,0,0,0,0,0,0,0,0
"136",-42.8931475459752,0,0,0,0,0,0,0,0,0,0,0,0,0,0,0,0,0,32.0524964113937,0,-25.575489271799,0,-16.6492463503068,0,0,0,0,0,-4.20648503442983,14.6234868172723,-479.700047213247,0,30.863551260496,0,0,0,0,0,0,0,0,0,0,0,0,0,0,0,1.30754816892105,9.4098533722699,0,0,0,0,0,-14.9641251288362,0,0,0,0,0,0,0,0,0,0,0,0,0,0,0,0,0,0,0,0,0,0,0,0
"137",-40.5154981747866,-19.6076783625231,29.7699610408131,3.29077506400176,6.87040292985857,8.00996795650016,-19.8220298998801,7.83911224093822,9.73372784062449,-18.8248682201571,-17.602721142255,27.1660510313922,9.3966509266748,5.27991768521872,-18.3319325548315,5.59147199229352,8.87968722588742,9.277586930095,0,0,34.980088837762,0,0,0,0,0,0,0,-15.4046698206509,3.6829615518638,0,0,0,0.730510233077234,0,0,0,0,0,1.0600046770356,1.5755341452436,0,0,0,0,0,0,0,3.241906539545,6.64527038137866,0,0,0,0,0,-11.213089455902,0,0,0,0,0,0,0,0,0,0,0,0,0,0,0,0,0,0,0,0,0,0,0,-1.56772378388026
"138",-55.9367061033174,0,0,0,0,0,0,0,0,0,0,0,0,0,0,0,0,0,27.7103284765316,0,-22.0531757918345,0,-16.4949960840922,0,0,0,0,0,13.7235404250847,13.5400917867974,-63.1442622801102,0,50.9449565316686,0,0,0,0,0,0,6.81171392906296,3.13417029097837,-6.45679314720917,-1.20374556526449,0,0,0,0,0,-11.3722874033005,8.4421493577233,0,0,0,0,12.9166882851207,-11.6898330173922,0,0,0,0,0,0,0,0,0,0,0,0,0,0,0,0,0,0,0,0,0,0,0,-6.43553618037563
"139",-42.4901034163279,0,0,0,0,0,0,0,0,0,0,0,0,0,0,0,0,0,0,0,-3.76592541622882,0,-15.7688572896735,0,0,0,0,0,14.3471066674945,14.45045187322,-202.195552785858,0,29.6010550173243,0,0,0,0,0,0,0,0,0,0,0,0,0,0,0,99.7092498951417,13.6414056876798,0,0,0,0,-1153.41205732814,-23.6811848810199,0,0,0,0,0,0,0,0,0,0,0,0,0,0,0,0,0,0,0,0,0,0,0,0
"140",-50.4753374164972,0,0,0,0,0,0,0,0,0,0,0,0,0,0,0,0,0,77.6413192252704,0,-60.3979862214946,0,-16.5686303613772,0,0,0,0,0,-5.32199137611441,15.3776243484648,0,0,36.7138813808859,0,0,0,0,0,0,-1.63583973184111,3.325005963394,-9.10723480193264,-0.334821721088939,0,0,0,0,0,0,0,0,0,0,0,0,0,0,0,0,0,0,0,0,0,0,0,0,0,0,0,0,0,0,0,0,0,0,0,0,-1.13974450885296
"141",-77.3978653273452,8.30568589024613,6.75884031715733,8.90358824232105,21.7969123159476,7.31762063790015,25.777879431322,25.7746651337431,8.38969226834957,-9.89264303869709,8.42434193487993,22.5598823331916,7.86218335164456,24.7360503524894,7.06077566437387,6.07419075494456,5.39312606284905,10.4729203878271,0,0,26.387951973848,0,0,0,0,0,0,0,-24.0045061722543,-3.92154752766134,0,0,99.8918817314852,0,-50.6707075888306,0,0,0,0,-0.0253608644953646,1.47542408579428,0,0,0,7.33544417161916,0,0,0,0,0,0,0,0,0,0,0,0,0,0,0,0,0,0,0,0,0,0,0,0,0,-27.821274223062,0,0,0,0,0,0,0,0,-1.01253769262064
"143",-58.2690325452574,6.98697459091426,22.5147989941405,5.57304839532435,22.8305314752031,4.82826983521335,24.4743317529192,5.99731365889131,5.4876630519107,-15.6362807894381,6.70938660732677,23.1692274525359,4.8789805885489,4.89922725137089,6.87983224346242,5.42391803321492,3.63665157103588,7.08487367762717,0,0,30.1224860181856,0,0,0,0,0,0,0,-5.90703208611964,-5.21140608348278,118.361177120484,-2117.41164091388,60.0311504224518,0,-17.752591618171,0,0,0,0,0,0,0,0,0,0,0,0,0,0,0,0,0,0,0,0,0,0,0,0,0,0,0,0,0,0,0,0,0,0,0,-31.6659602100494,0,0,0,0,0,0,0,0,0
"144",-181.572251314377,2.73768513843232,24.5664094731006,3.1048073934268,20.1938907538796,4.92593896179602,19.9969073480725,4.08800237413186,5.99599740830552,-13.8872891189077,2.76401196279595,19.1740592174991,6.79610812754598,23.0432710236858,2.01526771131649,2.12658093436223,4.14909334574769,7.52941780631765,0,0,24.7800122742205,0,0,0,0,0,0,0,138.198857161469,139.240302503058,-45.2025145435012,0,0,0,0,0,0,18.2253310992176,-0.0292126154687486,0.171113289563953,0.815863054322194,-1.76501445597248,0.191174546501318,0,0,0,0,0,3.44579908282528,-5.7370160118363,0,0,0,0,0,0,0,0,0,0,0,0,0,0,0,0,0,0,0,0,-23.9342460081235,0,0,0,0,0,0,0,0,-1.51358638780904
"145",-41.3295458159404,0.621950093810823,-1.45582431371706,0.301149170077808,19.2068108354759,-1.13821445245635,18.7054120482316,0.430677874058637,-0.718216786580091,0.228076021015547,-0.61194217501518,19.7092573040541,-1.02045958580122,21.6366614819522,0.18754553654245,0.0863853573205205,-3.16797851230089,-0.573508784749973,0,0,0,0,-17.1866850976565,0,0,0,0,0,17.6293238447687,17.7751907419662,0,0,0,0,-3.98203824851635,0,0,0,0,-3.26543954621802,0.832605700511005,-6.18745420601329,0.382542696426622,0,0,0,0,0,0,0,0,0,0,0,0,0,0,0,0,0,0,0,0,0,0,0,0,0,0,0,0,0,0,0,0,0,0,0,0,-1.00054849610567
"146",-80.4967525297515,0,0,0,0,0,0,0,0,0,0,0,0,0,0,0,0,0,57.4807092899432,0,-47.1465998325418,0,-16.8573920194575,0,0,0,0,0,-10.4738811353581,9.11178693999796,-120.399861646137,0,120.391734693333,0,-41.3814587330595,0,0,0,0,2.54889354995847,1.26008775249149,0,0,0,0,0,0,0,1.96414293121649,15.2000959083024,0,0,0,0,0,-22.2506342552717,0,0,-56.7170103938845,0,0,0,0,0,0,0,0,0,0,0,44.9102229413723,0,0,0,0,0,0,0,0,-1.32645285934231
"147",-67.2937157735322,-11.8105032226246,18.9426863682038,1.58064586085095,15.6027628703734,0.818670872603588,-12.1251922669276,-1.20476913350862,2.30676274375079,-12.7359576292956,-11.4650612101511,16.3161608768115,2.40117384358712,18.1380259543017,-13.1630515129518,0.0935059904603017,15.9138233428038,7.40804345795309,0,0,20.6266030551436,0,-16.8424649418812,0,0,0,0,0,15.557427329839,15.1420744164095,0,0,0,0,0,20.3019240276221,0,0,0,0.667383409640271,1.21109266503181,0,0,0,12.6390618212947,0,0,0,0,0,0,0,0,0,0,0,0,0,0,0,0,0,0,0,0,0,0,0,0,0,0,0,0,0,0,0,0,0,0,-1.07226446214643
"148",-51.4137098905071,0,0,0,0,0,0,0,0,0,0,0,0,0,0,0,0,0,32.0274088070453,0,-22.7046942594465,0,-16.6578453114312,0,0,0,0,0,10.6321121270378,11.0077684283329,0,0,70.7098204019894,0,-45.4769501231317,0,0,0,0,-0.648177259662629,0.113685341028472,-3.14498557110803,-0.572144707121835,0,8.66205489897999,0,0,0,0.201318488265603,7.56336971603796,0,0,0,0,0,-15.4176351289568,0,0,-34.1200445608098,0,0,0,0,0,0,0,0,0,0,0,26.43179230839,0,0,0,0,0,0,0,0,-3.99074274977973
"149",-285.584268809063,7.93697514379427,31.5559963529852,8.68954365391393,25.1212834269148,13.438037659425,24.6490931227761,8.08285999258745,13.3256789993108,9.5208559787349,8.96474221435865,11.162474573018,13.1325257621275,26.7087451715116,8.90791192362937,7.42786544602345,12.4348771516806,15.3348592331649,0,0,0,0,0,0,0,0,0,0,206.302918250372,224.816292311132,-24.0371306202595,0,0,0,0,0,0,29.639033987558,0.135553770226355,0,0,0,0,0,6.1332944067624,-8.78426384018494,0,0,0,0,0,0,0,0,0,0,0,0,0,0,0,0,0,0,0,0,0,0,0,0,0,0,0,0,0,0,0,0,0,0
"150",-26.3018688158571,0,0,0,0,0,0,0,0,0,0,0,0,0,0,0,0,0,0,0,-2.4010655065242,0,0,0,0,0,0,0,0.297511728739669,17.9218338908468,0,0,0,0,0,0,0,0,0,0,0,0,0,0,0,0,0,0,0,0,0,0,0,0,0,0,0,0,0,0,0,0,0,0,0,0,0,0,0,0,0,0,0,0,0,0,0,0,0,0
"151",-77.5054892158767,1.00085472189212,19.0936270782166,1.52277841653112,21.2533471845373,-2.01140152225106,20.2491869433716,0.536484819171207,-1.06276917963484,-15.9538477892024,1.64452829652112,22.8556804736776,3.87899113008726,0.690483014832681,2.25738715312842,0.182787257314751,-1.11136803571841,11.5634030598481,0,0,25.2160448280198,0,-17.141561145544,0,0,0,0,0,6.06518561318542,7.23961922868959,-46.5049864806986,0,104.364599699202,0,-60.0522200126755,0,0,0,0,1.65290735245518,1.55012445522438,-2.35559824368962,0.423176632036893,0,0,0,0,0,-12.290654901718,20.1451057264487,0,0,0,0,11.6565009516768,-28.3188797813115,0,0,0,0,0,0,0,0,0,0,0,0,0,0,-25.4815996833806,0,0,0,0,0,0,0,0,-2.32746294547013
"152",-10.6702310016267,0,0,0,0,0,0,0,0,0,0,0,0,0,0,0,0,0,0,0,-1.44978031920307,0,0,0,0,0,0,0,0,0,0,0,0,0,-22.2189704669448,0,0,0,0,-103.422399193639,-7.82714922063247,-113.023736639062,-2.47182970475895,0,-9.8662451056652,-2.86462519625941,0,0,0,0,0,0,0,0,0,0,0,0,0,0,0,0,0,0,0,0,0,0,0,0,0,0,0,0,0,0,0,0,0,-28.6502408177643
"153",-56.1433232535882,0.0188012806659609,18.8140521093347,-1.80726881885744,-1.94249654145388,-0.183543250975544,-0.0531271427066502,0.221573788058023,0.122827478782652,0.700698651748601,0.607039411206623,19.7035866289445,0.379293821265767,20.8677143680599,0.699538079741826,-1.58132609834322,-2.2999749108578,-0.303865378096136,0,0,0,0,-17.2866573279579,0,0,0,0,0,-4.03424639933262,14.2616495030379,-42.299665682106,0,0,0,0,19.3972526563011,0,0,0,-0.235462351136567,0.501553668352914,0,0,0,0,0,0,0,0,0,0,0,0,0,0,0,0,0,0,0,0,0,0,0,0,0,0,0,0,0,0,0,0,0,0,0,0,0,0,-1.01946123976549
"154",-194.172008983943,2.50950543759533,23.3042533691211,0.268615080195707,2.0732031853385,2.7931009463221,2.52141743672298,2.55825077067574,2.91265210507359,4.48193906216295,4.61836045137792,23.8057378541935,4.27741720984899,23.0655086497413,3.89172737040525,1.18284533898774,2.04065080730563,3.82123623099997,0,0,0,0,0,0,0,0,0,0,129.827437741877,147.640282515455,0,0,0,0,0,0,0,19.6002154283386,0.12505040526611,0.568960854351729,0.650647483992876,0,0,0,0,0,0,0,0,0,0,0,0,0,0,0,0,0,0,0,0,0,0,0,0,0,0,0,0,0,0,0,0,0,0,0,0,0,0,-0.97958793164565
"155",-88.5280843479641,15.0009362617542,42.4505424049351,16.0594776857443,12.5819985225575,21.2102733591787,34.3463555472648,15.054060723242,26.2498139547248,-16.6583314652963,15.9104159968594,36.8721397874003,26.2969610637257,35.5527369711094,15.8337140858303,13.0790133366878,21.7707298075515,27.8852806721348,0,0,42.6297420036361,0,-18.0070775710458,0,0,0,0,0,-7.47554067588097,13.1435235511626,-76.2743342375745,0,51.3086172660817,0,0,0,0,0,0,0.93054631692617,-0.42858099348514,0,0,0,0,0,0,0,-2.90033199730807,-13.7898917000999,0,0,0,0,0,0,0,0,0,0,0,0,0,0,0,0,0,0,0,0,-43.0604889683348,0,0,0,0,0,0,0,0,-0.452787545767453
"156",-76.767337625213,0,0,0,0,0,0,0,0,0,0,0,0,0,0,0,0,0,0,0,0,0,0,0,0,0,0,0,-7.86936571129502,10.5400267676049,0,0,73.5110274046124,0,0,0,0,0,0,15.753237049281,7.28248693507111,-8.72270605198975,-1.56988868833443,0,0,3.6006649591729,0,0,0,0,0,0,0,0,0,0,0,0,0,0,0,0,0,0,0,0,0,0,0,0,0,0,0,0,0,0,0,0,0,-8.93228865242248
"158",-78.0306007743745,-0.0583084341620108,19.8783081017056,0.582769587203417,19.2058226352824,-1.58875606750096,19.1725689949,0.559453367422557,0.770438220999646,0.406242241051075,0.329315136919393,19.7041666101685,1.16449012581599,21.6394547811934,-0.123450168753615,-1.43739803639543,20.1890230072444,0.414476950171423,0,0,0,0,-17.7614115058259,0,0,0,0,0,6.09040411104702,6.77577136107376,0,0,99.2792366424973,0,-50.369440602063,0,0,0,0,1.86249474745232,1.08825170943844,-1.55150360741248,0.252098231144964,0,0,0,0,0,1.05868264960397,7.11309976227285,0,0,0,0,0,-10.4267489109302,0,0,0,0,0,0,0,0,0,0,0,0,0,0,0,0,0,0,0,0,0,0,0,-2.04086114703343
"159",-77.6385813391449,0,0,0,0,0,0,0,0,0,0,0,0,0,0,0,0,0,-13.736953773237,19.5992272915519,0,0,-15.0341413640002,0,0,0,0,0,7.14721799735846,7.7534483391156,0,0,131.673230184844,0,-74.9516628878476,0,0,0,0,-0.258936649331168,0.567404535109276,-2.72024134036002,-0.320327831198583,0,8.13588575635844,0,0,0,60.0066451446471,-1.79779672614961,0,0,0,0,-776.355914588089,0,0,0,31.5994967925666,-58.7733898736917,0,0,0,0,0,0,0,0,0,0,0,0,0,0,0,0,0,0,0,-3.62889285026869
"160",-95.4056828022534,23.4979465936878,32.9542129488783,18.3587517778686,33.6440258626437,19.1493163488293,39.0848384649268,17.8067078068701,22.9775676564275,-10.6386148326001,18.4469102537124,34.9514486546259,16.8484340460412,36.529192371799,20.4264811373967,18.5521939139075,16.3649349805677,19.2531794130833,0,0,43.6990368005339,0,0,0,0,0,0,0,-30.5939682836319,-12.5482848786553,198.468340277964,-4199.88627925844,107.732265778535,0,-44.3304374665741,0,0,0,0,-6.20789069734968,2.56932005092628,-3.70739626093357,2.47707834470018,0,7.83692959370526,0,0,0,0,0,0,0,0,0,0,0,0,0,0,0,0,0,0,0,0,0,0,0,0,0,-51.9787916196466,0,0,0,0,0,0,0,0,3.69045112669541
"161",-62.5497463146099,0,0,0,0,0,0,0,0,0,0,0,0,0,0,0,0,0,28.0295137490072,0,-21.8466846826445,0,-14.5830912214429,0,0,0,0,0,-6.06013628112503,12.3082985806406,-655.414657844874,0,61.6513951750096,0,0,0,0,0,0,6.78998533010962,2.95936437557558,-5.15629173208212,-1.08614159326632,0,0,0,0,0,0,0,0,0,0,0,0,0,0,0,0,0,0,0,0,0,0,0,0,0,0,0,0,0,0,0,0,0,0,0,0,-5.46732902271889
"162",-46.6074639378827,0,0,0,0,0,0,0,0,0,0,0,0,0,0,0,0,0,33.948143116545,0,-24.3810906256424,0,-15.4783374024384,0,0,0,0,0,-0.3286475102098,19.4039889692059,-356.594612140281,0,0,0,37.6653760847063,0,0,0,0,5.71659252148187,2.44165556868852,-4.06998472943366,-0.283779909268827,0,0,0,0,0,0,0,0,0,0,0,0,0,0,0,0,0,0,0,0,0,0,0,0,0,0,0,0,0,0,0,0,0,0,0,0,-2.98475736768522
"163",-29.0226030874597,0,0,0,0,0,0,0,0,0,0,0,0,0,0,0,0,0,32.6809884758346,0,-25.7171721078903,0,0,0,0,0,0,0,0.772151370170033,18.8266160170626,468.671589198241,-14030.8797020327,0,0,0,0,0,0,0,0,0,0,0,0,0,0,0,0,0,0,0,0,0,0,0,0,0,0,0,0,0,0,0,0,0,0,0,0,0,0,0,0,0,0,0,0,0,0,0,0
"164",-71.361902019609,0,0,0,0,0,0,0,0,0,0,0,0,0,0,0,0,0,56.5668355230052,0,-45.150979484803,0,-17.131461198187,0,0,0,0,0,-11.4410524078199,9.57500170398222,-62.275401092305,0,101.951687097567,0,-29.3000368145138,0,0,0,0,1.60016088790194,0.264803005245005,0,0,0,-1.94245052446175,0,0,0,-1.09811587906335,8.47661254990387,0,0,0,0,0,-13.169800398594,0,0,-66.3218813757288,0,0,0,0,0,0,0,0,0,0,0,48.8477468951602,0,0,0,0,0,0,0,0,-0.903068472678485
"165",-69.7480160531753,7.80053415002346,5.08368834156568,7.51725481389113,24.9135276232494,6.48577805475341,26.1787954928096,6.90411124222227,6.07766306470577,-16.6277148812726,7.77945512940861,26.5685556184555,7.17202015675154,27.7214553985245,7.89741889088777,7.09750394981279,4.61617289581949,19.7777085303014,0,0,32.6792445595037,0,-16.0615638867846,0,0,0,0,0,-5.11275027500308,14.0349088328495,-114.406079877889,0,34.1542157632049,0,0,0,0,0,0,0,0,0,0,0,0,0,0,0,0,0,0,0,0,0,0,0,0,0,0,0,0,0,0,0,0,0,0,0,0,0,-33.6177675873027,0,0,0,0,0,0,0,0,0
"166",-63.8015467368768,2.36021882886703,-0.84249267827456,1.34483643760167,16.1531027542225,0.205335904610393,0.160628110915,-3.22991596163943,0.0112799942603387,-0.382666062382065,1.3901409128679,16.6326904552444,3.09353668357759,17.8683982733248,1.86136931401406,-0.243039573877858,15.1723131713638,-1.32077148663453,0,0,0,0,-16.8562260361857,0,0,0,0,0,13.1113549920344,12.7823618763027,0,0,0,0,0,25.6899681336888,0,0,0,0,0,0,0,0,8.46489768263227,0,0,0,0,0,0,0,0,0,0,0,0,0,0,0,0,0,0,0,0,0,0,0,0,0,0,0,0,0,0,0,0,0,0,0
"167",-46.4831915429601,0,0,0,0,0,0,0,0,0,0,0,0,0,0,0,0,0,36.7788787120767,0,-28.1794913663965,0,-12.0070726630435,0,0,0,0,0,-4.9986550943357,14.580056717196,-187.255394361263,0,36.4773562876337,0,0,0,0,0,0,0,0,0,0,0,0,0,0,0,0.542883718374014,-46.550238736233,0,0,0,0,0,0,0,0,-44.6652848110406,0,0,0,0,0,0,0,0,0,0,0,31.662095958602,0,0,0,0,0,0,0,0,0
"168",-82.4804418055915,0.925569780829134,0.647833123449447,1.32495697884781,20.3395644222182,-0.305019624810812,19.940661640728,1.78596413881483,-0.45146287222483,-16.2469017062043,2.17587652850489,21.7910236129638,4.40847774050536,1.15894426316326,1.83484751087393,1.35683346930697,20.4610357799304,2.44575860932814,0,0,26.5058687139524,0,-16.4114727736249,0,0,0,0,0,7.79712024973636,8.98845774959856,-37.1770520225611,0,91.8213261677131,0,-36.7433803538891,0,0,0,0,1.32697684379123,1.73226456251919,0,0,0,0,0,0,0,0,0,0,0,0,0,0,0,0,0,0,0,0,0,0,0,0,0,0,0,0,0,-26.7395148143855,0,0,0,0,0,0,0,0,-0.119721474460261
"172",-66.4320619867071,-2.77267208846811,-4.65499053581021,-3.10831793612012,-4.86172824607789,-4.55172924601537,16.2818296616771,-4.27833054686637,-3.84555736729099,-17.0128657932154,-3.44640343092709,16.718001539766,-3.48124902535861,18.6839185820274,-2.43789423967081,-3.61369329458654,-5.81246981857552,-3.43275913195093,0,0,20.9580159962486,0,-18.022288799697,10.0403490696483,0,0,0,0,15.8250018053589,15.7712161823019,0,0,0,0,0,33.3283549270875,0,0,0,0,0,0,0,0,0,0,0,0,0,0,0,0,0,0,0,0,0,0,0,0,0,0,0,0,0,0,0,0,0,0,-20.3708977585685,0,0,0,0,0,0,0,0,0
"173",-10.0642964312599,0,0,0,0,0,0,0,0,0,0,0,0,0,0,0,0,0,31.6185768619105,0,-21.7189301335733,0,-17.6392489675959,0,0,0,0,0,18.2645556497778,19.3390678238809,0,0,0,0,-39.8219744689847,0,0,0,0,-5.41953427046179,6.55473180991572,-10.7487871493922,-2.06486216929906,0,0,0,0,0,0,0,0,0,0,0,0,0,0,0,0,0,0,0,0,0,0,0,0,0,0,0,0,0,0,0,0,0,0,0,0,-5.27472621454405
"174",-79.5422067267655,-20.019054024262,23.6475629620254,1.79735309769138,25.1324083870723,1.57672331989797,-22.1887323478498,3.21621962671814,0.303131554384772,-20.1232621007781,-21.0280470029204,25.007921261503,4.93882487904592,25.0306733811935,-20.4938878344911,1.02150348512738,1.2786734750184,5.38702622118016,0,0,31.2177253440346,0,-16.9571677523888,0,0,0,0,0,13.2899619700147,14.0076928490235,-86.9155966518978,0,52.3886752454613,0,0,0,0,0,0,3.06918276138027,1.22478273230086,0,0,-3.0572283835355,0,0,0,0,0,0,0,0,0,0,0,0,0,0,0,0,0,0,0,0,0,0,0,0,0,0,0,0,0,0,0,0,0,0,0,-1.00408666056086
"175",-59.9665717095392,-17.3519946577437,28.4415669278808,7.71520925543886,29.3504356328255,8.81501391042525,-18.6257063290648,10.3432895099453,7.95760194183929,-17.0172691586188,-18.1656181133491,30.103229653369,11.6433945570316,30.1391810953525,-16.2700718414783,8.4410375901471,7.81559514042437,10.69049615518,0,0,35.3900320165498,0,-16.688637603244,0,0,0,0,0,-1.5422142398263,18.3158824706622,-91.6405070511674,0,0,0,11.3361518748758,0,0,0,0,1.03696931654494,1.50354462640094,0,0,0,0,0,0,0,0,0,0,0,0,0,0,0,0,0,0,0,0,0,0,0,0,0,0,0,0,0,0,0,0,0,0,0,0,0,0,-0.990937310311133
"176",-15.3109385096719,1.62833600315386,-1.18757354353311,0.977517468924218,-0.605467448831334,-1.54054958388068,1.63312978809382,22.5953103178314,1.99417384823911,1.93157133623536,1.97199655618145,23.5728930744257,-1.79708486347326,1.53654416889127,1.86703281534943,1.04821887438562,0.96023592296551,-1.59187788853828,0,0,0,0,-0.799578063008239,13.4174592760559,0,-20.2433817628788,21.4631804003316,0,0,0,0,0,0,0.411858220259261,0,0,-76.3918111872514,0,0,0,0,0,0,0,0,0,0,0,0,0,0,0,0,0,0,0,0,0,0,0,0,0,0,0,0,0,0,0,0,0,0,0,0,0,0,0,0,0,0,0
"178",-415.734838997899,0,0,0,0,0,0,0,0,0,0,0,0,0,0,0,0,0,0,0,0,0,0,0,0,0,0,0,352.86760067871,349.461548898719,879.159533575194,-40812.1511010766,0,0,0,0,0,45.4185563911226,-1.23248161600083,-5.42955584495693,2.69440478798998,0,0,0,9.43175693636446,0,0,0,-11.9076137770258,29.2902068137137,0,0,0,0,21.598481748691,-32.1085144100177,0,0,0,0,0,0,0,0,0,0,0,0,0,0,0,0,0,0,0,0,0,0,0,5.48079371941223
"182",-43.2575166939976,0,0,0,0,0,0,0,0,0,0,0,0,0,0,0,0,0,33.138902839592,0,-25.8055523599586,0,-15.7839841283596,0,0,0,0,0,-4.56928106641439,15.1700733756968,-179.259649597009,0,31.3276890281899,0,0,0,0,0,0,0,0,0,0,0,0,-2.73913809145584,0,0,0,0,0,0,0,0,0,0,0,0,-43.0432436607809,0,0,0,0,0,0,0,0,0,0,0,30.3632808782347,0,0,0,0,0,0,0,0,0
"184",-44.3875387081123,-17.1892059870843,-0.0574579986354004,-1.54719701087959,-1.41103862637128,-0.982861857668704,-18.3298490051927,-0.53112268448066,-1.41750659434389,-18.9361896965896,-18.2266710015299,21.8096631836502,0.11682748651979,-0.115352789389867,-18.6867455615179,-0.774482827359596,-1.53860907391976,0.972607812713019,0,0,22.9996654894161,0,-17.9383749782636,0,0,0,0,0,0,0,-40.7219855656793,0,0,0,30.1499718877316,0,0,0,0,0.357418241974945,3.06070499140223,0,0,0,0,0,0,0,0,0,0,0,0,0,0,0,0,0,0,0,0,0,0,0,0,0,0,0,0,0,0,0,0,0,0,0,0,0,0,1.94263801452231
"185",-246.081209579755,0,0,0,0,0,0,0,0,0,0,0,0,0,0,0,0,0,0,0,-3.13767800801355,0,0,0,0,0,0,0,201.10302852834,216.635506820138,0,0,0,0,0,0,0,29.6051860979263,1.97330230684157,-0.312072367645654,-0.749564995960497,-3.36027862144952,-1.23643659571675,0,0,0,0,0,-4.94742442225315,14.3386279868845,0,0,0,0,0,-20.2248069426079,0,0,0,0,0,0,0,0,0,0,0,0,0,0,0,0,0,0,0,0,0,0,0,-4.3319453299688
"186",-31.6110422830723,0,0,0,0,0,0,0,0,0,0,0,0,0,0,0,0,0,0,0,-3.52370776235423,0,-17.4611541921202,0,0,0,0,0,16.7780991724053,16.193920237328,0,0,0,0,0,7.6639682712495,0,0,0,0,0,0,0,0,0,8.67806129781871,0,0,0,0,0,0,-7.18540444409033,0,0,0,0,0,0,0,0,0,0,0,0,0,0,0,0,0,0,0,0,0,0,0,0,0,0,0
"187",-50.3454309585259,-14.2371373783513,46.057364187561,20.5051334877054,16.4557224489869,27.1720775362997,-12.7029619314757,21.1647827218744,26.866521509021,-13.7184770172929,-16.2486532266068,48.0125736034743,26.7012446658565,42.1543404362629,-18.2258246397419,17.427882153809,25.7761864214658,25.3671181063443,0,0,48.2305509464953,0,0,0,0,0,0,0,0,0,0,0,0,0,0,0,0,2.28384326270144,3.45396602916478,-6.21105838390247,6.96894740657817,-1.71033989322115,-1.49871463186798,0,0,-21.3179070082494,0,0,0,0,0,0,13.1654301495469,0,0,0,0,0,0,0,0,0,0,0,0,0,0,0,0,0,0,0,0,0,0,0,0,0,0,4.36746336950074
"188",-103.229267286847,10.9145205045239,35.8910074183218,12.5191626130425,31.6545707045058,14.0689184742674,30.4444963516822,13.3982484911913,16.8453622010943,-15.6295359957298,11.8607958760834,36.3227419251353,20.4297137622404,33.4514685553755,11.9385941783649,9.50665372044322,15.5338054661337,18.6313903001088,0,0,38.1842973522338,0,-17.3110958310585,0,0,0,0,0,-9.7022217588466,9.6307752211296,-55.7282724436966,0,116.173431067527,0,-51.1612818991222,0,0,0,0,2.16742324047043,0.990090596073457,0,0,0,0,0,-1.00682057280225,-6.56588464735544,0,0,0,0,0,0,0,0,0,0,0,0,0,0,0,0,0,0,0,0,0,0,-37.480985500886,0,0,0,0,0,0,0,0,-1.44020711000277
"189",-84.4591458153935,16.6354576929162,40.1151788386892,17.4979925504482,14.2085169406846,20.2008732286585,35.4326011791713,17.0940597184424,22.5026068405619,-14.28665384635,17.0191958021712,39.9639979251253,23.7494359775992,37.9032312076717,17.0159920574635,14.968727570526,20.0403095315458,22.8526965451727,0,0,43.2125097562097,0,-16.4717629354569,0,0,0,0,0,-6.75829598293282,12.8501692159894,-85.96192710033,0,43.2531887834859,0,0,0,0,0,0,0.590703648708018,-0.210923921958191,0,0,0,0,-7.32696789320417,0,0,0,0,0,0,0,0,0,0,0,0,0,0,0,0,0,0,0,0,0,0,0,0,-43.1465093459144,0,0,0,0,0,0,0,0,-0.656842660353041
"190",-44.5088580091449,-0.518884909505651,-0.167452305219883,-0.359024473677127,20.1243837428299,-0.988904298035641,-0.609669155598831,0.154152149809408,-1.3987678634789,-0.147917809703239,-0.615030256506525,21.8352234825705,0.977906572413936,21.5758479647101,-0.247026760452336,-0.741395053179583,-1.39364470918032,1.07433390663428,0,0,0,0,-17.3386256464882,0,0,0,0,0,-0.17616311552768,18.4075674257419,-25.6127502765427,0,0,0,0,0,0,0,0,0,0,0,0,0,0,0,0,0,0,0,0,0,0,0,0,0,0,0,0,0,0,0,0,0,0,0,0,0,0,0,0,0,0,0,0,0,0,0,0,0
"193",-70.4266620735877,0.665387290678971,20.4618340840692,0.790430646676361,18.6187981660697,-0.902841732496286,19.7271749494708,-1.58591551063132,2.02791272935287,0.746462841401475,1.12213787674249,19.2647146168662,9.07368303919591,20.3386023441206,0.935421756477077,-1.46162401275632,1.01579134134708,-2.64193834200553,0,0,0,0,-17.7209904683936,0,0,0,0,0,-6.49585864543314,12.3388109447533,0,0,45.3549151485569,0,0,0,0,0,0,0.966003130754202,0.208824749811414,0,0,0,0,0,0,0,0.651039883112635,11.3565346440568,0,0,0,0,0,-21.1410414407407,0,0,0,0,0,0,0,0,0,0,0,0,0,0,0,0,0,0,0,0,0,0,0,-0.890072474580208
"194",-61.1682683190869,-0.343099104744111,-7.31735182913431,0.0562282672813726,21.4854831945833,-6.10602364838713,17.9725753338212,2.36217083593461,-6.80481247060979,-16.1509554834694,-1.23505049132355,18.6847242255856,-3.43128714031684,1.17900212320119,-0.311631949713451,0.325893230254224,-8.04207720885906,-7.54283383285722,0,0,24.0762418466832,0,-19.3492709784405,0,0,0,0,0,16.5123869702553,15.6204481259713,303.550860395749,-51241.243864296,0,0,0,22.8459204751584,0,0,0,0,0,0,0,0,0,0,0,0,1.32299994818059,7.23133970488474,0,0,0,0,0,0,0,0,0,0,0,0,0,0,0,0,0,0,0,0,-22.7425251630305,0,0,0,0,0,0,0,0,0
"195",-25.9639367640221,-3.31710987152629,24.4269286745076,1.00538400239207,0.322383090430498,2.08647874891826,-0.976070310324851,1.59667428332691,5.14679189906458,1.38077381786247,2.27139667878454,25.869068104717,6.50262883963767,23.7762252288166,2.45064805116105,0.578781475052476,3.84815478453017,4.90432499678459,0,0,0,0,-22.6960266972697,1.80437016387488,23.5855097912741,0,0,0,0,0,0,0,0,0,0,10.2788955754684,-61.7957529309576,0,0,0,0,0,0,0,0,-3.72316179155016,0,0,0,0,0,0,0,0,0,0,0,0,0,0,0,0,0,0,0,0,0,0,0,0,0,0,0,0,0,0,0,0,0,0
"196",-56.2719882283225,0.68728606708754,27.2830196350476,0.47453461940302,-0.749521741962021,5.94353505185825,20.4795743229935,-0.0488148549509905,7.73842543074577,-0.183923533119293,0.110769426835067,19.7203735796897,2.73590978359839,21.7656963545943,0.065842325085201,0.475633097030531,6.41505509094212,6.05922637081749,0,0,0,0,-20.3301287773749,23.2012559420333,0,0,0,0,15.5417934964899,15.6220106232833,0,0,19.4630735645943,0,0,0,0,0,0,0,0,0,0,0,0,0,0,0,2.74634284821032,-13.4574720379554,0,0,0,0,0,0,0,0,0,0,0,0,0,0,0,0,0,0,0,0,0,0,0,0,0,0,0,0,0,0
"198",-63.7875427483539,1.15738160859483,27.2518705626914,1.62752787576486,20.6543530113828,5.49465472767131,20.2298393522473,1.91007549088102,6.49509817362049,0.17401105686758,1.48192506857469,20.8450507625898,8.89234304001287,23.73687100759,0.748735502122974,0.162742219249395,7.15006827866541,12.3632266263486,0,0,0,0,-16.5139226587324,22.5543943671997,0,0,0,0,12.9552685934534,12.3171217888863,0,0,54.1962243187818,0,-27.6069032943573,0,0,0,0,0.592618409206089,0.223685360494414,-2.49468214391172,-0.388993841943354,0,0,0,0,0,2.66642790947922,-10.854419566268,0,0,0,0,0,0,0,0,0,0,0,0,0,0,0,0,0,0,0,0,0,0,0,0,0,0,0,0,0,-3.05377631029414
"199",-57.1519105003071,4.08241357844811,2.07801119348463,4.20240169953399,1.37062016916237,3.25923825480889,22.6371668268663,4.18477750242745,2.8478742466174,-18.161453631513,4.17422539130319,23.4966088099358,4.21558295962708,24.9376276935424,4.31365110388548,3.64731345198709,1.58773237491029,3.66631429954343,0,0,29.9229841699352,0,-16.8005669997765,0,0,0,0,0,-1.02582732791877,18.726724118717,-65.3192352480772,0,0,0,18.7412054554152,0,0,0,0,0,0,0,0,0,0,0,0,0,0,0,0,0,0,0,0,0,0,0,0,0,0,0,0,0,0,0,0,0,0,0,-29.8065572757435,0,0,0,0,0,0,0,0,0
"200",-19.4039414611037,0,0,0,0,0,0,0,0,0,0,0,0,0,0,0,0,0,0,0,-1.21347036130826,0,0,0,0,0,0,0,0,0,164.265001037744,-3109.47533921668,37.7525293192523,1.28685688709675,-30.1032642501802,0,-15.1492034577013,0,0,-5.0120011058278,1.62369632219951,-2.97832991591261,0.744208858103246,0,0,0,0,0,0,0,0,0,0,0,0,0,0,0,0,0,0,0,0,0,0,0,0,0,0,0,0,0,0,0,0,0,0,0,0,0.733834168558338
"201",-179.276087156317,61.9997667711984,60.6687408066229,61.2400569929614,78.8626005555394,59.8059672757819,80.0773020686652,83.9460087897831,65.7416763930469,-15.3006864742968,63.3849167199822,80.6638855633809,60.0527993047371,64.8458653844535,63.2683026480488,62.9894207152958,58.6696920728573,62.1222316087065,0,0,99.9204378518261,0,0,0,0,0,0,0,-39.72638589038,-18.6758725997813,-21.6700715614939,0,174.066983333921,0,-26.0652379059044,0,0,0,0,2.81705886588258,0.846586491509869,-10.9683928360264,1.03190036403917,0,5.20463363363644,0,0,0,0,0,0,0,0,0,0,0,0,0,0,0,0,0,0,0,0,0,0,0,0,0,-100.813155631561,0,0,0,0,0,0,0,0,4.72484253773353
"203",-56.2114795685151,1.97503436099777,25.3193942325438,1.87076400781027,20.4284612225458,5.03836863871877,1.73565304171084,6.36492399686089,5.91950278323035,0.520977011441902,3.12425691113099,20.0683281105339,3.55003439490083,23.3951347493986,0.417329395282421,0.233014372965355,5.1560917840872,8.03113542838286,0,0,0,0,0,0,0,0,0,0,-22.5558611916288,-5.03108107726034,264.786842323887,-12619.4460609335,43.6474294618036,0,0,0,0,0,0,4.72082185419928,3.21671861124714,-3.8998691908533,0.166009603771643,0,0,0,0,0,2.69980860733835,-6.78165854719429,0,0,0,0,0,0,0,0,0,0,0,0,0,0,0,0,0,0,0,0,0,0,0,0,0,0,0,0,0,-4.16614838364526
"204",-60.8995028241249,-15.1190618458418,29.4030483687068,13.3439505701937,10.1291125767947,13.0677612545131,-17.3784065997108,34.2461386920653,15.5859378714806,-15.7892782332947,-13.6302287371139,31.8855767487789,11.6334430431362,34.5153385660004,-16.5637534327196,10.6862486811584,9.89426704532998,12.6370787077078,0,0,38.4734596532673,0,0,0,0,0,0,0,-16.4462874486823,1.22750891155404,0,0,0,0,39.9461272308332,0,0,0,0,5.33341717185759,2.26097234837589,-5.43878237882214,-0.750319615719285,0,0,0,0,0,0,0,0,0,0,0,0,0,0,0,0,0,0,0,0,0,0,0,0,0,0,0,0,0,0,0,0,0,0,0,0,-5.42514070663094
"205",-229.760000909595,3.15399827856993,17.7800757373074,3.09417839611027,18.6632772581487,2.37973445517475,19.4576002538451,20.2640258912604,3.34898608259841,3.71265330916748,4.45247939401804,19.2690396736483,1.23220678786255,22.0336947658576,3.80229969510158,1.6281620012272,0.712407016327545,0.58409808994917,0,0,0,0,0,0,0,0,0,0,158.629415643838,177.386427846237,0,0,0,0,0,0,0,23.7691293991911,0.853958514666744,0,0,0,0,0,8.38295191383744,0,0,0,0,0,0,0,0,0,0,0,0,0,0,0,0,0,0,0,0,0,0,0,0,0,0,0,0,0,0,0,0,0,0,0
"208",236.635523545558,18.2589857124249,38.1741107736336,16.2974650345484,16.488146297318,18.2725092961108,36.5841045121575,39.4956852998663,19.9883149851844,-14.7640716309833,20.943387745569,35.5279231624952,17.5894479504983,38.9574507255054,18.3908057214317,10.4610912295791,37.9664774996008,20.5982674525984,0,0,46.1135818310288,0,0,0,0,0,0,0,8.91089140801999,10.4794848405283,0,0,-450.188469695314,9.09183238918929,-1.1199541842788,0,-1860.38747609534,0,0,7.88283260519857,2.57808038437655,-4.31797962104153,0.518620690198389,0,0,0,0,0,3.6424443844049,-4.34612627688773,0,0,0,0,0,0,0,0,0,0,0,0,0,0,0,0,0,0,0,0,-45.4996515990761,0,0,0,0,0,0,2826.01379799105,-5.74057503028915,-2.63975549085417
"211",-53.045824277882,-0.421845956332558,17.5719981898776,0.355301171820149,-1.62343857367542,-1.01838416066097,18.2904699851033,-0.392103689715101,-1.49299426791942,-0.215131609344604,-0.168468015697377,20.0052148519488,-0.487462932619466,21.8329962078362,0.164274130039866,-0.359811710773899,-2.01901620781395,-0.800570962460017,0,0,0,0,-16.4184128303552,0,0,0,0,0,-2.24553036188027,16.3698000532111,-181.339967592382,0,16.770156560593,0,0,0,0,0,0,0,0,0,0,0,0,0,0,0,0,0,0,0,0,0,0,0,0,0,0,0,0,0,0,0,0,0,0,0,0,0,0,0,0,0,0,0,0,0,0,0
"212",196.537364210699,0,0,0,0,0,0,0,0,0,0,0,0,0,0,0,0,0,71.7165142486168,0,-57.1319896461104,0,0,0,0,0,0,0,-27.8693347468688,6.21998817922178,-170.365909881478,0,-382.465244892272,15.8100833773092,28.518902053461,0,-1537.91096773856,0,0,11.1168201108917,3.89806450615273,-5.6106052822469,-0.439033620537244,0,-1.55328376764087,0,0,0,-9.18792179452175,8.15896135893968,0,0,0,0,11.7240370159061,-10.7777505338668,0,0,-80.8047818231204,0,0,0,0,0,0,0,0,0,0,0,62.4309976598562,0,0,0,0,0,0,2505.82945532658,-18.129843502024,-5.94886871537559
"213",-62.6679372951124,5.60600437282133,3.74279697121548,6.03674492371898,24.2794739473963,4.39118658491606,24.6545530513209,5.33106400601925,3.81187163123676,-15.7724665578047,5.72000042538981,25.7004200161998,6.35224440706661,4.80206182897861,5.88711441357438,4.9030822462623,3.15413620380063,5.28396179531336,0,0,31.0322452929432,0,-16.7048311273285,0,0,0,0,0,-3.09032755556175,15.9405706478709,-207.181469111758,0,23.8914957803184,0,0,0,0,0,0,0,0,0,0,0,0,0,0,0,0,0,0,0,0,0,0,0,0,0,0,0,0,0,0,0,0,0,0,0,0,0,-31.7345510070777,0,0,0,0,0,0,0,0,0
"214",-29.8657787391863,0,0,0,0,0,0,0,0,0,0,0,0,0,0,0,0,0,0,0,0,0,0,0,0,0,0,0,0.60862768707939,18.2786824300146,619.94580457819,-21575.7790620422,0,0,0,0,0,0,0,0,0,0,0,0,0,0,0,0,0,0,0,0,0,0,0,0,0,0,0,0,0,0,0,0,0,0,0,0,0,0,0,0,0,0,0,0,0,0,0,0
"215",-68.3711095306772,0.350241683374905,21.7361520244791,0.575846105484218,21.6658349300536,0.149641301733855,20.1776265285858,1.38956330762939,-0.447883947186957,0.73471698807917,0.574063301526265,-0.985786511947354,5.43486791629298,24.6910297922444,0.0127019296144288,-1.35428851815404,-1.0508186719084,0.967650738174602,0,0,0,0,-16.9929031765972,0,0,0,0,0,12.5948398365667,12.7810664084279,-254.702253043591,0,43.3838839830389,0,0,0,0,0,0,1.26888958375517,0.222886713558044,0,0,-5.22431169415382,0,0,0,0,0,0,0,0,0,0,0,0,0,0,0,0,0,0,0,0,0,0,0,0,0,0,0,0,0,0,0,0,0,0,0,-0.768787857458554
"216",-172.517658805337,-11.5769158271753,23.2187781869355,3.04122020584753,16.2689014156895,7.34393449701296,-12.4309229533642,0.0104216101694172,8.35773765005565,-13.9032758526824,-10.0635490123694,18.801663867571,6.6954163671711,19.200076906347,-13.4360156993282,-0.28251669558779,4.6137416688744,12.0476577396953,0,0,21.2389846643953,0,0,0,0,0,0,0,123.708353349611,124.786466448099,0,0,0,0,0,0,0,19.1876949101448,3.52777554698523,4.95062261342927,1.79543070377688,-6.04276019859392,-1.21795739455931,0,13.1679022462874,0,0,0,-0.906846847319688,-10.0170558369095,0,0,0,0,0,0,0,0,0,0,0,0,0,0,0,0,0,0,0,0,0,0,0,0,0,0,0,0,0,-5.8204209691607
"218",-63.3731219792198,4.99084950149825,29.5603823489245,5.18696347855585,2.36278569318256,10.0699557810116,23.4343484361535,4.58065861318131,12.0677762999837,-16.7933030497014,5.03159068046723,25.1124729431768,12.7540311319142,25.7911643364542,5.20604006802423,4.31106405857883,9.65239628796385,14.3484300877133,0,0,29.688112452443,0,-17.1692311019048,0,0,0,0,0,-4.02860344699893,15.2300248891445,-86.4547424839188,0,27.0420910381619,0,0,0,0,0,0,0,0,0,0,0,0,0,0,0,-0.146035366404238,-10.3538242564749,0,0,0,0,0,0,0,0,0,0,0,0,0,0,0,0,0,0,0,0,-30.576831615358,0,0,0,0,0,0,0,0,0
"219",-72.6672251359935,0,0,0,0,0,0,0,0,0,0,0,0,0,0,0,0,0,0,0,-4.5911153648989,0,-16.0681548894155,0,0,0,0,0,-9.0217788061383,12.2924096906765,-152.47849040212,0,109.438946221613,0,-41.8217868081411,0,0,0,0,0.5364490817297,0.451393856444576,0,0,0,-2.48350590925896,-2.47408619933287,0,0,0,0,0,0,0,0,0,0,0,0,0,0,0,0,0,0,0,0,0,0,0,0,0,0,0,0,0,0,0,0,0,-1.32079160941638
"220",-52.9677271499454,-15.4347608622532,-5.47422259141608,-2.73318277147426,14.7984676991059,-3.53470162238672,-16.3005075134707,-4.40601134961775,-3.57785268823964,-16.4113467813613,-16.3982548273325,17.2480183429495,-3.86660185904738,18.3563570206854,-17.1581503017554,-3.14722195342774,-5.6463506392189,-3.80951712471976,0,0,19.51734187532,0,-17.6372354266355,0,0,0,0,0,16.3634457313756,16.8943689619289,-31.25460642883,0,0,0,26.9926405751032,0,0,0,0,0,0,0,0,0,0,0,0,0,0,0,0,0,0,0,0,0,0,0,0,0,0,0,0,0,0,0,0,0,0,0,0,0,0,0,0,0,0,0,0,0
"223",-70.1454053768522,0,0,0,0,0,0,0,0,0,0,0,0,0,0,0,0,0,52.6476851062758,0,-42.2132197812348,0,-15.4125561001458,0,0,0,0,0,-6.24261303172039,12.6162678479656,-39.8836933444675,0,89.404836851629,0,-33.8652056303202,0,0,0,0,0.875840964927024,0.283274723918124,0,0,0,6.7960005339757,-3.25395449193017,0,0,0,0,0,0,0,0,0,0,0,0,-59.0299909282255,0,0,0,0,0,0,0,0,0,0,0,46.7272649967957,0,0,0,0,0,0,0,0,-1.17514597019756
"224",-79.5395040313959,0,0,0,0,0,0,0,0,0,0,0,0,0,0,0,0,0,15.3744518469237,0,-13.358892660497,0,-16.4235269918116,0,0,0,0,0,-8.23720018460141,10.9169528844187,-337.492381127663,0,113.917397819995,0,-35.3661815299137,0,0,0,0,2.5256829927112,0.796309857924534,0,0,0,0,0,0,0,-9.19840036242934,16.7637059318789,0,0,0,0,11.1155462082821,-25.1916033741651,0,0,0,0,0,0,0,0,0,0,0,0,0,0,0,0,0,0,0,0,0,0,0,-1.08104101970897
"226",27.6283926756402,0,0,0,0,0,0,0,0,0,0,0,0,0,0,0,0,0,58.8838719256343,0,-46.5069784019994,0,0,0,0,0,0,0,-42.5321437554421,-2.29857619942273,-54.9891898735783,0,-129.152376184865,9.83605930587094,27.1601117600086,0,-663.328255763367,0,0,9.13040712638472,3.09426697849221,-4.99700082970796,-0.95512934877205,0,0,0,0,0,0.937363032821839,13.1306227720837,0,0,0,0,0,-16.6870649296371,0,0,-66.3953191742044,0,0,0,0,0,0,0,0,0,0,0,51.5909884077796,0,0,0,0,0,0,1247.28233460611,-12.858643561893,-6.92216413386712
"227",-44.5432141931887,0,0,0,0,0,0,0,0,0,0,0,0,0,0,0,0,0,0,0,-3.33535833238789,0,-15.579042172821,0,0,0,0,0,-3.89256607526345,14.7685923829834,-238.804103156421,0,34.591282414755,0,0,0,0,0,0,0,0,0,0,0,0,-3.58931965196943,0,0,0,0,0,0,0,0,0,0,0,0,0,0,0,0,0,0,0,0,0,0,0,0,0,0,0,0,0,0,0,0,0,0
"228",-21.6324986104798,0,0,0,0,0,0,0,0,0,0,0,0,0,0,0,0,0,30.3909731157547,0,-22.8330956337057,0,-17.1688813512573,0,0,0,0,0,-1.50673392200839,17.5255601622621,-58.4064333106729,0,0,0,-5.75914879173975,0,0,0,0,4.38216223528258,4.27598920818282,-19.5901725585787,-5.82194245725281,0,0,0,0,0,0,0,0,0,0,0,0,0,0,0,0,0,0,0,0,0,0,0,0,0,0,0,0,0,0,0,0,0,0,0,0,-22.5614567548749
"229",-29.90364582122,0,0,0,0,0,0,0,0,0,0,0,0,0,0,0,0,0,0,0,0,0,0,0,0,0,0,0,-0.743033846541612,18.2776282466513,-333.239099200653,0,0,0,0,-8.40309579879227,0,0,0,-1.51662167871804,3.94848301856146,0,0,0,9.71545971049074,0,0,0,0,0,0,0,0,0,0,0,0,0,0,0,0,0,0,0,0,0,0,0,0,0,0,0,0,0,0,0,0,0,0,0.979459871826206
"231",-42.6709349042571,0,0,0,0,0,0,0,0,0,0,0,0,0,0,0,0,0,40.082079386179,0,-32.4798727073413,0,-16.6883205340388,0,0,0,0,0,-4.12347071511585,14.2983160717831,-68.1554325543949,0,30.7612061095868,0,0,0,0,0,0,0,0,0,0,0,0,0,0,0,1.42639917673876,8.27585223995573,0,0,0,0,0,-13.9525371163907,0,0,-46.1106488886242,0,0,0,0,0,0,0,0,0,0,0,35.8462561426388,0,0,0,0,0,0,0,0,0
"232",-37.8222527604545,-18.8961114007155,6.7395907091163,5.22215351569915,25.9731878114661,5.35729354159315,-19.4978169745522,5.79830382079915,5.73267445862573,-19.3237271034631,-18.769151670321,28.4713139749469,6.56930403627167,6.28741763318107,-18.8904461255412,5.84859693816572,5.5223388705899,8.16338211930434,0,0,31.6847470680508,0,-17.7966253585858,0,0,0,0,0,0,0,0,0,0,-0.00492880743771269,0,0,0,0,0,-2.01071740814379,4.76414078844656,0,0,0,0,0,0,0,0,0,0,0,0,0,0,0,0,0,0,0,0,0,0,0,0,0,0,0,0,0,0,0,0,0,0,0,0,0,0,1.6773175183339
"233",-67.603958136041,-0.273880933168858,18.2566549347207,-0.311705337214883,18.0180212788745,-1.23512214398826,18.2447179370592,0.502942789986695,-1.8817755062964,0.390388460998731,0.465271684191404,20.4597432227684,2.0485461250098,21.3299231434336,0.383407651055097,-1.15621062886286,-1.95659234879279,0.414171895635048,0,0,0,0,-17.0003781808567,0,0,0,0,0,12.271670477289,13.3945504682555,-81.9217556928503,0,40.8034431072452,0,0,0,0,0,0,1.79771131968826,0.964966049699715,0,0,0,0,0,0,0,0,0,0,0,0,0,0,0,0,0,0,0,0,0,0,0,0,0,0,0,0,0,0,0,0,0,0,0,0,0,0,-0.727195490753336
"234",-60.6869829776887,0.0918510903451298,-1.89956433727588,0.922300717620578,18.7159133547827,-0.791224771219619,18.4814906155383,-0.3432584703233,-1.44862347551525,-0.084463817356171,0.084133621114331,20.0032063051763,-0.399173957667899,20.9996304492784,0.239263063417794,-0.0873909400045957,-2.57647354599259,-1.08772934688113,0,0,0,0,-16.5872746898962,0,0,0,0,0,-4.45388242643891,14.2149067211352,-103.21170604816,0,31.0172678085492,0,0,0,0,0,0,0,0,0,0,0,0,0,0,0,0,0,0,0,0,0,0,0,0,0,0,0,0,0,0,0,0,0,0,0,0,0,0,0,0,0,0,0,0,0,0,0
"237",-89.0188019849434,8.62777495605295,30.6414188801492,9.69749246238215,29.1266130606074,8.77090494607769,27.3036930672457,10.9405893594104,9.45810580838458,-15.9549198967254,9.71456806933297,29.7061703003954,12.2778810158529,31.4400928695124,8.36408224670148,8.83066320435384,10.4262637384092,19.3479710032959,0,0,36.4162421978874,0,-16.6952430228634,0,0,0,0,0,8.60906313217901,10.1537262558849,-88.5232388255326,0,88.2795505994987,0,-38.2939431579941,0,0,0,0,2.37893665650062,1.06702472728952,0,0,0,0,0,0,0,-6.09944336871115,19.6530812617217,0,0,0,0,9.16995573142848,-32.8525122177132,0,0,0,0,0,0,0,0,0,0,0,0,0,0,-35.5279049962114,0,0,0,0,0,0,0,0,-1.039566660837
"238",-76.2750595542673,0,0,0,0,0,0,0,0,0,0,0,0,0,0,0,0,0,39.9546349871158,0,-31.0656680106581,0,-16.64650627242,0,0,0,0,0,-8.4837052796752,11.3283959982132,-44.4614631782303,0,82.5442991236859,0,0,0,0,0,0,11.1388883508621,5.26773856319218,-8.36066731206734,-2.01506863500857,-2.59091427152403,0,0,0,0,0,0,0,0,0,0,0,0,0,0,0,0,0,0,0,0,0,0,0,0,0,0,0,0,0,0,0,0,0,0,0,-9.06154174790652
"239",-43.2602657163864,-17.1853257745368,1.63782090409759,0.774200144755929,21.1137976061839,0.393342931439549,-18.1964583751716,2.08962370273927,0.441932978498028,-18.4777432049181,-18.0139071527566,23.1358694566536,2.1898079459558,1.61260820371535,-18.555053530915,1.27825823423516,0.139718588761763,6.03270729120265,0,0,25.583488356158,0,-17.1641116961499,0,0,0,0,0,0,0,-71.5922483683554,0,0,0,0,14.7839099427742,0,0,0,0.112548940368826,3.69452146532623,0,0,0,0,0,0,0,0,0,0,0,0,0,0,0,0,0,0,0,0,0,0,0,0,0,0,0,0,0,0,0,0,0,0,0,0,0,0,0.682103809941684
"240",-83.009605775834,13.9317160888163,37.1562591184933,14.2575818428218,31.795609262473,16.7607474798104,32.5029941038419,14.8613340727922,17.1084534264293,-15.9135170867242,15.0471362020126,35.218583298995,21.1472044721228,35.0246839474636,14.8687944246754,12.6515707279601,17.1784888943806,20.4671885541479,0,0,40.1818306139085,0,-17.0422250494505,0,0,0,0,0,-6.29191231638699,13.3994916896705,-49.0281819966977,0,42.9303169250121,0,0,0,0,0,0,1.50062799966217,0.776028460980815,0,0,0,0,0,0,0,-1.55507558294162,6.08915008250258,0,0,0,0,0,-21.4495358840253,0,0,0,0,0,0,0,0,0,0,0,0,0,0,-39.9775717572969,0,0,0,0,0,0,0,0,-0.845278875462486
